award,year,file,url,bytes,page,fetched
WOLDA,2020,WOLDA_2020_01_e9f3579c_preloader.png,https://wolda.org/wp-content/uploads/2020/12/preloader.png,20614,https://wolda.org/12-wolda-logos-redesign/,2026-09-02T22:24:06
WOLDA,2020,WOLDA_2020_02_0f6d1ac3_12th-WOLDA-Cat-1106-1.jpg,https://wolda.org/wp-content/uploads/2021/12/12th-WOLDA-Cat-1106-1.jpg,182394,https://wolda.org/12-wolda-logos-redesign/,2026-09-02T22:24:09
WOLDA,2020,WOLDA_2020_03_0d850522_12th-WOLDA-Cat-21.jpg,https://wolda.org/wp-content/uploads/2021/12/12th-WOLDA-Cat-21.jpg,181819,https://wolda.org/12-wolda-logos-redesign/,2026-09-02T22:24:11
WOLDA,2020,WOLDA_2020_04_5cfe5f7f_12th-WOLDA-Cat-210.jpg,https://wolda.org/wp-content/uploads/2021/12/12th-WOLDA-Cat-210.jpg,212009,https://wolda.org/12-wolda-logos-redesign/,2026-09-02T22:24:13
WOLDA,2020,WOLDA_2020_05_57f07f61_12th-WOLDA-Cat-211.jpg,https://wolda.org/wp-content/uploads/2021/12/12th-WOLDA-Cat-211.jpg,355352,https://wolda.org/12-wolda-logos-redesign/,2026-09-02T22:24:16
WOLDA,2020,WOLDA_2020_06_0f81461b_12th-WOLDA-Cat-212.jpg,https://wolda.org/wp-content/uploads/2021/12/12th-WOLDA-Cat-212.jpg,243135,https://wolda.org/12-wolda-logos-redesign/,2026-09-02T22:24:20
WOLDA,2020,WOLDA_2020_07_6f5c13b4_12th-WOLDA-Cat-213.jpg,https://wolda.org/wp-content/uploads/2021/12/12th-WOLDA-Cat-213.jpg,355828,https://wolda.org/12-wolda-logos-redesign/,2026-09-02T22:24:22
WOLDA,2020,WOLDA_2020_08_af4386bb_12th-WOLDA-Cat-214.jpg,https://wolda.org/wp-content/uploads/2021/12/12th-WOLDA-Cat-214.jpg,230865,https://wolda.org/12-wolda-logos-redesign/,2026-09-02T22:24:25
WOLDA,2020,WOLDA_2020_09_7203b041_12th-WOLDA-Cat-215.jpg,https://wolda.org/wp-content/uploads/2021/12/12th-WOLDA-Cat-215.jpg,314017,https://wolda.org/12-wolda-logos-redesign/,2026-09-02T22:24:28
WOLDA,2020,WOLDA_2020_10_bfa0ccd6_12th-WOLDA-Cat-216.jpg,https://wolda.org/wp-content/uploads/2021/12/12th-WOLDA-Cat-216.jpg,215648,https://wolda.org/12-wolda-logos-redesign/,2026-09-02T22:24:30
WOLDA,2020,WOLDA_2020_11_c8c301d3_12th-WOLDA-Cat-217.jpg,https://wolda.org/wp-content/uploads/2021/12/12th-WOLDA-Cat-217.jpg,269142,https://wolda.org/12-wolda-logos-redesign/,2026-09-02T22:24:34
WOLDA,2020,WOLDA_2020_12_164e296f_12th-WOLDA-Cat-218.jpg,https://wolda.org/wp-content/uploads/2021/12/12th-WOLDA-Cat-218.jpg,209572,https://wolda.org/12-wolda-logos-redesign/,2026-09-02T22:24:36
WOLDA,2020,WOLDA_2020_13_63673ec1_12th-WOLDA-Cat-219.jpg,https://wolda.org/wp-content/uploads/2021/12/12th-WOLDA-Cat-219.jpg,210934,https://wolda.org/12-wolda-logos-redesign/,2026-09-02T22:24:39
WOLDA,2020,WOLDA_2020_14_577c49a1_12th-WOLDA-Cat-22.jpg,https://wolda.org/wp-content/uploads/2021/12/12th-WOLDA-Cat-22.jpg,173337,https://wolda.org/12-wolda-logos-redesign/,2026-09-02T22:24:41
WOLDA,2020,WOLDA_2020_15_f763ae71_12th-WOLDA-Cat-220.jpg,https://wolda.org/wp-content/uploads/2021/12/12th-WOLDA-Cat-220.jpg,244993,https://wolda.org/12-wolda-logos-redesign/,2026-09-02T22:24:44
WOLDA,2020,WOLDA_2020_16_acf0201b_12th-WOLDA-Cat-221.jpg,https://wolda.org/wp-content/uploads/2021/12/12th-WOLDA-Cat-221.jpg,229407,https://wolda.org/12-wolda-logos-redesign/,2026-09-02T22:24:47
WOLDA,2020,WOLDA_2020_17_de89929d_12th-WOLDA-Cat-222.jpg,https://wolda.org/wp-content/uploads/2021/12/12th-WOLDA-Cat-222.jpg,230661,https://wolda.org/12-wolda-logos-redesign/,2026-09-02T22:24:50
WOLDA,2020,WOLDA_2020_18_1bc91ba0_12th-WOLDA-Cat-223.jpg,https://wolda.org/wp-content/uploads/2021/12/12th-WOLDA-Cat-223.jpg,221175,https://wolda.org/12-wolda-logos-redesign/,2026-09-02T22:24:55
WOLDA,2021,WOLDA_2021_01_e9f3579c_preloader.png,https://wolda.org/wp-content/uploads/2020/12/preloader.png,20614,https://wolda.org/13-wolda-logos-redesign-2/,2026-09-02T22:25:28
WOLDA,2021,WOLDA_2021_02_6d61e686_12th-WOLDA-Cat-71-1.jpg,https://wolda.org/wp-content/uploads/2021/12/12th-WOLDA-Cat-71-1.jpg,186676,https://wolda.org/13-wolda-logos-redesign-2/,2026-09-02T22:25:30
WOLDA,2021,WOLDA_2021_03_7c3cf840_12th-WOLDA-Cat-BoS1-1.jpg,https://wolda.org/wp-content/uploads/2021/12/12th-WOLDA-Cat-BoS1-1.jpg,173337,https://wolda.org/13-wolda-logos-redesign-2/,2026-09-02T22:25:33
WOLDA,2021,WOLDA_2021_04_566e7c1e_13-WOLDA-Cat-21.jpg,https://wolda.org/wp-content/uploads/2022/12/13-WOLDA-Cat-21.jpg,196697,https://wolda.org/13-wolda-logos-redesign-2/,2026-09-02T22:25:35
WOLDA,2021,WOLDA_2021_05_b43b3aa3_13-WOLDA-Cat-210.jpg,https://wolda.org/wp-content/uploads/2022/12/13-WOLDA-Cat-210.jpg,220789,https://wolda.org/13-wolda-logos-redesign-2/,2026-09-02T22:25:37
WOLDA,2021,WOLDA_2021_06_7b2164fa_13-WOLDA-Cat-211.jpg,https://wolda.org/wp-content/uploads/2022/12/13-WOLDA-Cat-211.jpg,339387,https://wolda.org/13-wolda-logos-redesign-2/,2026-09-02T22:25:42
WOLDA,2021,WOLDA_2021_07_1d152cc3_13-WOLDA-Cat-212.jpg,https://wolda.org/wp-content/uploads/2022/12/13-WOLDA-Cat-212.jpg,221731,https://wolda.org/13-wolda-logos-redesign-2/,2026-09-02T22:25:44
WOLDA,2021,WOLDA_2021_08_52c0059b_13-WOLDA-Cat-213.jpg,https://wolda.org/wp-content/uploads/2022/12/13-WOLDA-Cat-213.jpg,295167,https://wolda.org/13-wolda-logos-redesign-2/,2026-09-02T22:25:47
WOLDA,2021,WOLDA_2021_09_b6068652_13-WOLDA-Cat-214.jpg,https://wolda.org/wp-content/uploads/2022/12/13-WOLDA-Cat-214.jpg,243603,https://wolda.org/13-wolda-logos-redesign-2/,2026-09-02T22:25:49
WOLDA,2021,WOLDA_2021_10_6ee1c757_13-WOLDA-Cat-215.jpg,https://wolda.org/wp-content/uploads/2022/12/13-WOLDA-Cat-215.jpg,287278,https://wolda.org/13-wolda-logos-redesign-2/,2026-09-02T22:25:54
WOLDA,2021,WOLDA_2021_11_8cf6a3d4_13-WOLDA-Cat-216.jpg,https://wolda.org/wp-content/uploads/2022/12/13-WOLDA-Cat-216.jpg,216461,https://wolda.org/13-wolda-logos-redesign-2/,2026-09-02T22:25:57
WOLDA,2021,WOLDA_2021_12_b002b8d9_13-WOLDA-Cat-217.jpg,https://wolda.org/wp-content/uploads/2022/12/13-WOLDA-Cat-217.jpg,325412,https://wolda.org/13-wolda-logos-redesign-2/,2026-09-02T22:25:59
WOLDA,2021,WOLDA_2021_13_4c6700eb_13-WOLDA-Cat-218.jpg,https://wolda.org/wp-content/uploads/2022/12/13-WOLDA-Cat-218.jpg,233946,https://wolda.org/13-wolda-logos-redesign-2/,2026-09-02T22:26:01
WOLDA,2021,WOLDA_2021_14_255d928c_13-WOLDA-Cat-219.jpg,https://wolda.org/wp-content/uploads/2022/12/13-WOLDA-Cat-219.jpg,249893,https://wolda.org/13-wolda-logos-redesign-2/,2026-09-02T22:26:04
WOLDA,2021,WOLDA_2021_15_13dd18d0_13-WOLDA-Cat-22.jpg,https://wolda.org/wp-content/uploads/2022/12/13-WOLDA-Cat-22.jpg,242737,https://wolda.org/13-wolda-logos-redesign-2/,2026-09-02T22:26:06
WOLDA,2021,WOLDA_2021_16_c7efb619_13-WOLDA-Cat-220.jpg,https://wolda.org/wp-content/uploads/2022/12/13-WOLDA-Cat-220.jpg,237591,https://wolda.org/13-wolda-logos-redesign-2/,2026-09-02T22:26:09
WOLDA,2021,WOLDA_2021_17_f1a080be_13-WOLDA-Cat-221.jpg,https://wolda.org/wp-content/uploads/2022/12/13-WOLDA-Cat-221.jpg,263912,https://wolda.org/13-wolda-logos-redesign-2/,2026-09-02T22:26:12
WOLDA,2021,WOLDA_2021_18_397c7398_13-WOLDA-Cat-222.jpg,https://wolda.org/wp-content/uploads/2022/12/13-WOLDA-Cat-222.jpg,204580,https://wolda.org/13-wolda-logos-redesign-2/,2026-09-02T22:26:15
WOLDA,2024,WOLDA_2024_01_e9f3579c_preloader.png,https://wolda.org/wp-content/uploads/2020/12/preloader.png,20614,https://wolda.org/16-wolda-logos-redesign/,2026-09-02T22:27:51
WOLDA,2024,WOLDA_2024_02_24808a0c_16-WOLDA-Results-Cat-211.jpg,https://wolda.org/wp-content/uploads/2025/12/16-WOLDA-Results-Cat-211.jpg,248724,https://wolda.org/16-wolda-logos-redesign/,2026-09-02T22:27:54
WOLDA,2024,WOLDA_2024_03_acce3edb_16-WOLDA-Results-Cat-213.jpg,https://wolda.org/wp-content/uploads/2025/12/16-WOLDA-Results-Cat-213.jpg,257134,https://wolda.org/16-wolda-logos-redesign/,2026-09-02T22:27:57
WOLDA,2024,WOLDA_2024_04_ca455a6d_16-WOLDA-Results-Cat-215.jpg,https://wolda.org/wp-content/uploads/2025/12/16-WOLDA-Results-Cat-215.jpg,258481,https://wolda.org/16-wolda-logos-redesign/,2026-09-02T22:28:00
WOLDA,2024,WOLDA_2024_05_82130522_16-WOLDA-Results-Cat-217.jpg,https://wolda.org/wp-content/uploads/2025/12/16-WOLDA-Results-Cat-217.jpg,305732,https://wolda.org/16-wolda-logos-redesign/,2026-09-02T22:28:03
WOLDA,2024,WOLDA_2024_06_67718b2e_16-WOLDA-Results-Cat-219.jpg,https://wolda.org/wp-content/uploads/2025/12/16-WOLDA-Results-Cat-219.jpg,284900,https://wolda.org/16-wolda-logos-redesign/,2026-09-02T22:28:09
WOLDA,2024,WOLDA_2024_07_e56fbe23_16-WOLDA-Results-Cat-221.jpg,https://wolda.org/wp-content/uploads/2025/12/16-WOLDA-Results-Cat-221.jpg,242403,https://wolda.org/16-wolda-logos-redesign/,2026-09-02T22:28:11
WOLDA,2024,WOLDA_2024_08_9921b4ee_16-WOLDA-Results-Cat-223.jpg,https://wolda.org/wp-content/uploads/2025/12/16-WOLDA-Results-Cat-223.jpg,258900,https://wolda.org/16-wolda-logos-redesign/,2026-09-02T22:28:15
WOLDA,2024,WOLDA_2024_09_8d83c0ce_16-WOLDA-Results-Cat-225.jpg,https://wolda.org/wp-content/uploads/2025/12/16-WOLDA-Results-Cat-225.jpg,215547,https://wolda.org/16-wolda-logos-redesign/,2026-09-02T22:28:17
WOLDA,2024,WOLDA_2024_10_6411b550_16-WOLDA-Results-Cat-227.jpg,https://wolda.org/wp-content/uploads/2025/12/16-WOLDA-Results-Cat-227.jpg,213843,https://wolda.org/16-wolda-logos-redesign/,2026-09-02T22:28:20
WOLDA,2024,WOLDA_2024_11_7a53fa32_16-WOLDA-Results-Cat-229.jpg,https://wolda.org/wp-content/uploads/2025/12/16-WOLDA-Results-Cat-229.jpg,271384,https://wolda.org/16-wolda-logos-redesign/,2026-09-02T22:28:23
WOLDA,2024,WOLDA_2024_12_339140be_16-WOLDA-Results-Cat-231.jpg,https://wolda.org/wp-content/uploads/2025/12/16-WOLDA-Results-Cat-231.jpg,251009,https://wolda.org/16-wolda-logos-redesign/,2026-09-02T22:28:26
WOLDA,2024,WOLDA_2024_13_fb49af55_16-WOLDA-Results-Cat-233.jpg,https://wolda.org/wp-content/uploads/2025/12/16-WOLDA-Results-Cat-233.jpg,263908,https://wolda.org/16-wolda-logos-redesign/,2026-09-02T22:28:29
WOLDA,2024,WOLDA_2024_14_050e2dd8_16-WOLDA-Results-Cat-235.jpg,https://wolda.org/wp-content/uploads/2025/12/16-WOLDA-Results-Cat-235.jpg,265620,https://wolda.org/16-wolda-logos-redesign/,2026-09-02T22:28:32
WOLDA,2024,WOLDA_2024_15_48e500c2_16-WOLDA-Results-Cat-237.jpg,https://wolda.org/wp-content/uploads/2025/12/16-WOLDA-Results-Cat-237.jpg,268697,https://wolda.org/16-wolda-logos-redesign/,2026-09-02T22:28:35
WOLDA,2024,WOLDA_2024_16_188f4501_16-WOLDA-Results-Cat-25.jpg,https://wolda.org/wp-content/uploads/2025/12/16-WOLDA-Results-Cat-25.jpg,219799,https://wolda.org/16-wolda-logos-redesign/,2026-09-02T22:28:38
WOLDA,2024,WOLDA_2024_17_2835c0b7_16-WOLDA-Results-Cat-27.jpg,https://wolda.org/wp-content/uploads/2025/12/16-WOLDA-Results-Cat-27.jpg,234533,https://wolda.org/16-wolda-logos-redesign/,2026-09-02T22:28:41
WOLDA,2024,WOLDA_2024_18_d247745e_16-WOLDA-Results-Cat-29.jpg,https://wolda.org/wp-content/uploads/2025/12/16-WOLDA-Results-Cat-29.jpg,244368,https://wolda.org/16-wolda-logos-redesign/,2026-09-02T22:28:44
WOLDA,2022,WOLDA_2022_01_5cfa08d7_0012thWOLDA1.jpg,https://wolda.org/wp-content/uploads/2021/12/0012thWOLDA1.jpg,182548,https://wolda.org/14-wolda-logos-redesign/,2026-09-02T22:30:34
WOLDA,2022,WOLDA_2022_02_86f708c6_13-WOLDA-Call-for-Entries.jpg,https://wolda.org/wp-content/uploads/2022/06/13-WOLDA-Call-for-Entries.jpg,167392,https://wolda.org/14-wolda-logos-redesign/,2026-09-02T22:30:36
WOLDA,2022,WOLDA_2022_03_a8743fde_14-WOLDA-Results-Cat-21.jpg,https://wolda.org/wp-content/uploads/2023/12/14-WOLDA-Results-Cat-21.jpg,198186,https://wolda.org/14-wolda-logos-redesign/,2026-09-02T22:30:38
WOLDA,2022,WOLDA_2022_04_1b74a468_14-WOLDA-Results-Cat-210.jpg,https://wolda.org/wp-content/uploads/2023/12/14-WOLDA-Results-Cat-210.jpg,255466,https://wolda.org/14-wolda-logos-redesign/,2026-09-02T22:30:41
WOLDA,2022,WOLDA_2022_05_64ebecff_14-WOLDA-Results-Cat-211.jpg,https://wolda.org/wp-content/uploads/2023/12/14-WOLDA-Results-Cat-211.jpg,355882,https://wolda.org/14-wolda-logos-redesign/,2026-09-02T22:30:43
WOLDA,2022,WOLDA_2022_06_8389337c_14-WOLDA-Results-Cat-212.jpg,https://wolda.org/wp-content/uploads/2023/12/14-WOLDA-Results-Cat-212.jpg,211514,https://wolda.org/14-wolda-logos-redesign/,2026-09-02T22:30:45
WOLDA,2022,WOLDA_2022_07_9e16aeae_14-WOLDA-Results-Cat-213.jpg,https://wolda.org/wp-content/uploads/2023/12/14-WOLDA-Results-Cat-213.jpg,477480,https://wolda.org/14-wolda-logos-redesign/,2026-09-02T22:30:48
WOLDA,2022,WOLDA_2022_08_a6412802_14-WOLDA-Results-Cat-214.jpg,https://wolda.org/wp-content/uploads/2023/12/14-WOLDA-Results-Cat-214.jpg,226999,https://wolda.org/14-wolda-logos-redesign/,2026-09-02T22:30:50
WOLDA,2022,WOLDA_2022_09_13fe10ac_14-WOLDA-Results-Cat-215.jpg,https://wolda.org/wp-content/uploads/2023/12/14-WOLDA-Results-Cat-215.jpg,276202,https://wolda.org/14-wolda-logos-redesign/,2026-09-02T22:30:52
WOLDA,2022,WOLDA_2022_10_3286721f_14-WOLDA-Results-Cat-216.jpg,https://wolda.org/wp-content/uploads/2023/12/14-WOLDA-Results-Cat-216.jpg,215939,https://wolda.org/14-wolda-logos-redesign/,2026-09-02T22:30:54
WOLDA,2022,WOLDA_2022_11_b9cd4038_14-WOLDA-Results-Cat-217.jpg,https://wolda.org/wp-content/uploads/2023/12/14-WOLDA-Results-Cat-217.jpg,202229,https://wolda.org/14-wolda-logos-redesign/,2026-09-02T22:30:57
WOLDA,2022,WOLDA_2022_12_9177c2eb_14-WOLDA-Results-Cat-218.jpg,https://wolda.org/wp-content/uploads/2023/12/14-WOLDA-Results-Cat-218.jpg,215121,https://wolda.org/14-wolda-logos-redesign/,2026-09-02T22:31:00
WOLDA,2022,WOLDA_2022_13_81e591cc_14-WOLDA-Results-Cat-219.jpg,https://wolda.org/wp-content/uploads/2023/12/14-WOLDA-Results-Cat-219.jpg,486122,https://wolda.org/14-wolda-logos-redesign/,2026-09-02T22:31:03
WOLDA,2022,WOLDA_2022_14_cf55c885_14-WOLDA-Results-Cat-22.jpg,https://wolda.org/wp-content/uploads/2023/12/14-WOLDA-Results-Cat-22.jpg,218564,https://wolda.org/14-wolda-logos-redesign/,2026-09-02T22:31:05
WOLDA,2022,WOLDA_2022_15_f84b5e00_14-WOLDA-Results-Cat-220.jpg,https://wolda.org/wp-content/uploads/2023/12/14-WOLDA-Results-Cat-220.jpg,303519,https://wolda.org/14-wolda-logos-redesign/,2026-09-02T22:31:08
WOLDA,2022,WOLDA_2022_16_29b270b5_14-WOLDA-Results-Cat-221.jpg,https://wolda.org/wp-content/uploads/2023/12/14-WOLDA-Results-Cat-221.jpg,248480,https://wolda.org/14-wolda-logos-redesign/,2026-09-02T22:31:11
WOLDA,2022,WOLDA_2022_17_6ec8f7a0_14-WOLDA-Results-Cat-222.jpg,https://wolda.org/wp-content/uploads/2023/12/14-WOLDA-Results-Cat-222.jpg,228693,https://wolda.org/14-wolda-logos-redesign/,2026-09-02T22:31:14
WOLDA,2022,WOLDA_2022_18_4482cdc6_14-WOLDA-Results-Cat-223.jpg,https://wolda.org/wp-content/uploads/2023/12/14-WOLDA-Results-Cat-223.jpg,382456,https://wolda.org/14-wolda-logos-redesign/,2026-09-02T22:31:17
WOLDA,2023,WOLDA_2023_01_5cfa08d7_0012thWOLDA1.jpg,https://wolda.org/wp-content/uploads/2021/12/0012thWOLDA1.jpg,182548,https://wolda.org/15-wolda-logos-redesign-2/,2026-09-02T22:31:49
WOLDA,2023,WOLDA_2023_02_86f708c6_13-WOLDA-Call-for-Entries.jpg,https://wolda.org/wp-content/uploads/2022/06/13-WOLDA-Call-for-Entries.jpg,167392,https://wolda.org/15-wolda-logos-redesign-2/,2026-09-02T22:31:51
WOLDA,2023,WOLDA_2023_03_191d8bd7_15-WOLDA-Cat-21.jpg,https://wolda.org/wp-content/uploads/2024/11/15-WOLDA-Cat-21.jpg,184507,https://wolda.org/15-wolda-logos-redesign-2/,2026-09-02T22:31:53
WOLDA,2023,WOLDA_2023_04_23f34836_15-WOLDA-Cat-210.jpg,https://wolda.org/wp-content/uploads/2024/11/15-WOLDA-Cat-210.jpg,230371,https://wolda.org/15-wolda-logos-redesign-2/,2026-09-02T22:31:55
WOLDA,2023,WOLDA_2023_05_be5878b8_15-WOLDA-Cat-211.jpg,https://wolda.org/wp-content/uploads/2024/11/15-WOLDA-Cat-211.jpg,328720,https://wolda.org/15-wolda-logos-redesign-2/,2026-09-02T22:31:59
WOLDA,2023,WOLDA_2023_06_108122b0_15-WOLDA-Cat-212.jpg,https://wolda.org/wp-content/uploads/2024/11/15-WOLDA-Cat-212.jpg,261941,https://wolda.org/15-wolda-logos-redesign-2/,2026-09-02T22:32:08
WOLDA,2023,WOLDA_2023_07_94357ccc_15-WOLDA-Cat-213.jpg,https://wolda.org/wp-content/uploads/2024/11/15-WOLDA-Cat-213.jpg,392556,https://wolda.org/15-wolda-logos-redesign-2/,2026-09-02T22:32:10
WOLDA,2023,WOLDA_2023_08_7388da58_15-WOLDA-Cat-214.jpg,https://wolda.org/wp-content/uploads/2024/11/15-WOLDA-Cat-214.jpg,234194,https://wolda.org/15-wolda-logos-redesign-2/,2026-09-02T22:32:12
WOLDA,2023,WOLDA_2023_09_857fafda_15-WOLDA-Cat-215.jpg,https://wolda.org/wp-content/uploads/2024/11/15-WOLDA-Cat-215.jpg,252591,https://wolda.org/15-wolda-logos-redesign-2/,2026-09-02T22:32:19
WOLDA,2023,WOLDA_2023_10_b00f92ad_15-WOLDA-Cat-216.jpg,https://wolda.org/wp-content/uploads/2024/11/15-WOLDA-Cat-216.jpg,242845,https://wolda.org/15-wolda-logos-redesign-2/,2026-09-02T22:32:21
WOLDA,2023,WOLDA_2023_11_c61bbf5a_15-WOLDA-Cat-217.jpg,https://wolda.org/wp-content/uploads/2024/11/15-WOLDA-Cat-217.jpg,197477,https://wolda.org/15-wolda-logos-redesign-2/,2026-09-02T22:32:24
WOLDA,2023,WOLDA_2023_12_e95395ea_15-WOLDA-Cat-218.jpg,https://wolda.org/wp-content/uploads/2024/11/15-WOLDA-Cat-218.jpg,410034,https://wolda.org/15-wolda-logos-redesign-2/,2026-09-02T22:32:27
WOLDA,2023,WOLDA_2023_13_af081d02_15-WOLDA-Cat-219.jpg,https://wolda.org/wp-content/uploads/2024/11/15-WOLDA-Cat-219.jpg,231841,https://wolda.org/15-wolda-logos-redesign-2/,2026-09-02T22:32:30
WOLDA,2023,WOLDA_2023_14_04f454df_15-WOLDA-Cat-22.jpg,https://wolda.org/wp-content/uploads/2024/11/15-WOLDA-Cat-22.jpg,231069,https://wolda.org/15-wolda-logos-redesign-2/,2026-09-02T22:32:32
WOLDA,2023,WOLDA_2023_15_54872e7a_15-WOLDA-Cat-220.jpg,https://wolda.org/wp-content/uploads/2024/11/15-WOLDA-Cat-220.jpg,359212,https://wolda.org/15-wolda-logos-redesign-2/,2026-09-02T22:32:35
WOLDA,2023,WOLDA_2023_16_7fcf474c_15-WOLDA-Cat-221.jpg,https://wolda.org/wp-content/uploads/2024/11/15-WOLDA-Cat-221.jpg,231217,https://wolda.org/15-wolda-logos-redesign-2/,2026-09-02T22:32:38
WOLDA,2023,WOLDA_2023_17_b4106a9d_15-WOLDA-Cat-223.jpg,https://wolda.org/wp-content/uploads/2024/11/15-WOLDA-Cat-223.jpg,236409,https://wolda.org/15-wolda-logos-redesign-2/,2026-09-02T22:32:40
WOLDA,2023,WOLDA_2023_18_be08e1d3_15-WOLDA-Cat-224.jpg,https://wolda.org/wp-content/uploads/2024/11/15-WOLDA-Cat-224.jpg,375160,https://wolda.org/15-wolda-logos-redesign-2/,2026-09-02T22:32:43
