award,year,file,url,bytes,work_id,title,page,fetched
Golden Pin,2023,GoldenPin_2023_01_a1e2fa9d_image_96e87a.png,https://storage.googleapis.com/goldenpin/award_work/list_image/1080/image_96e87a.png,5146033,1080,The 34th Golden Melody Awards Key Visual,https://goldenpin.org.tw/goldenpin/zh-TW/winners/#2023/comm/brand-identity,2026-09-02T22:45:54
Golden Pin,2023,GoldenPin_2023_02_5f366859_image_a0d7d6.jpeg,https://storage.googleapis.com/goldenpin/award_work/list_image/1081/image_a0d7d6.jpeg,3412969,1081,Hualien Art Museum,https://goldenpin.org.tw/goldenpin/zh-TW/winners/#2023/comm/brand-identity,2026-09-02T22:45:58
Golden Pin,2023,GoldenPin_2023_03_36b8772b_image_a6e6b2.jpeg,https://storage.googleapis.com/goldenpin/award_work/list_image/1131/image_a6e6b2.jpeg,3470996,1131,ADM Show 2022,https://goldenpin.org.tw/goldenpin/zh-TW/winners/#2023/comm/brand-identity,2026-09-02T22:46:03
Golden Pin,2023,GoldenPin_2023_04_35da42c7_image_89738b.jpeg,https://storage.googleapis.com/goldenpin/award_work/list_image/1128/image_89738b.jpeg,3007483,1128,8th Singapore International Photography Festival,https://goldenpin.org.tw/goldenpin/zh-TW/winners/#2023/comm/brand-identity,2026-09-02T22:46:08
Golden Pin,2023,GoldenPin_2023_05_253491f4_image_a3614f.jpeg,https://storage.googleapis.com/goldenpin/award_work/list_image/1102/image_a3614f.jpeg,6045268,1102,YOO BEER,https://goldenpin.org.tw/goldenpin/zh-TW/winners/#2023/comm/brand-identity,2026-09-02T22:46:16
Golden Pin,2023,GoldenPin_2023_06_cfa1720c_image_b810d2.png,https://storage.googleapis.com/goldenpin/award_work/list_image/1101/image_b810d2.png,34469,1101,Expo 2028 Phuket Thailand,https://goldenpin.org.tw/goldenpin/zh-TW/winners/#2023/comm/brand-identity,2026-09-02T22:46:18
Golden Pin,2023,GoldenPin_2023_07_af38eb84_image_40ba47.jpeg,https://storage.googleapis.com/goldenpin/award_work/list_image/1112/image_40ba47.jpeg,4575647,1112,PolyU School of Fashion and Textiles,https://goldenpin.org.tw/goldenpin/zh-TW/winners/#2023/comm/brand-identity,2026-09-02T22:46:25
Golden Pin,2023,GoldenPin_2023_08_297743d8_image_bc7947.jpeg,https://storage.googleapis.com/goldenpin/award_work/list_image/1103/image_bc7947.jpeg,488442,1103,Such A Beautiful Land Branding,https://goldenpin.org.tw/goldenpin/zh-TW/winners/#2023/comm/brand-identity,2026-09-02T22:46:28
Golden Pin,2023,GoldenPin_2023_09_4e68cacd_image_8ffdc4.jpeg,https://storage.googleapis.com/goldenpin/award_work/list_image/1092/image_8ffdc4.jpeg,3318097,1092,TRA：FUTURE IS NOW,https://goldenpin.org.tw/goldenpin/zh-TW/winners/#2023/comm/brand-identity,2026-09-02T22:46:33
Golden Pin,2023,GoldenPin_2023_10_c07978e8_image_6c1db7.jpeg,https://storage.googleapis.com/goldenpin/award_work/list_image/1118/image_6c1db7.jpeg,4891555,1118,"Hey, kids !",https://goldenpin.org.tw/goldenpin/zh-TW/winners/#2023/comm/brand-identity,2026-09-02T22:46:48
Golden Pin,2023,GoldenPin_2023_11_80cf8fa4_image_361383.jpeg,https://storage.googleapis.com/goldenpin/award_work/list_image/1088/image_361383.jpeg,1062043,1088,CLOUD GATE 50TH ANNIVERSARY,https://goldenpin.org.tw/goldenpin/zh-TW/winners/#2023/comm/brand-identity,2026-09-02T22:46:54
Golden Pin,2023,GoldenPin_2023_12_1655b79b_image_94e96b.jpeg,https://storage.googleapis.com/goldenpin/award_work/list_image/1130/image_94e96b.jpeg,2843553,1130,MOMOKAWA,https://goldenpin.org.tw/goldenpin/zh-TW/winners/#2023/comm/brand-identity,2026-09-02T22:46:59
Golden Pin,2023,GoldenPin_2023_13_42b7eb99_image_120ce7.jpeg,https://storage.googleapis.com/goldenpin/award_work/list_image/1086/image_120ce7.jpeg,1344115,1086,The Taitung Arts and Culture Center Image Identity,https://goldenpin.org.tw/goldenpin/zh-TW/winners/#2023/comm/brand-identity,2026-09-02T22:47:03
Golden Pin,2023,GoldenPin_2023_14_14b4994f_image_a8d2e8.jpeg,https://storage.googleapis.com/goldenpin/award_work/list_image/1084/image_a8d2e8.jpeg,622998,1084,Key Visual of 2022 National Day,https://goldenpin.org.tw/goldenpin/zh-TW/winners/#2023/comm/brand-identity,2026-09-02T22:47:06
Golden Pin,2023,GoldenPin_2023_15_a70fd585_image_ac3292.jpeg,https://storage.googleapis.com/goldenpin/award_work/list_image/1114/image_ac3292.jpeg,3959785,1114,Child Welfare League Foundation Brand Identity Visual Design,https://goldenpin.org.tw/goldenpin/zh-TW/winners/#2023/comm/brand-identity,2026-09-02T22:47:12
Golden Pin,2023,GoldenPin_2023_16_054063f5_image_a43a10.jpeg,https://storage.googleapis.com/goldenpin/award_work/list_image/1111/image_a43a10.jpeg,3459963,1111,HINGE．BOOK DESIGN EXHIBITION,https://goldenpin.org.tw/goldenpin/zh-TW/winners/#2023/comm/brand-identity,2026-09-02T22:47:17
Golden Pin,2023,GoldenPin_2023_17_e8c95b2c_image_79fa6b.jpeg,https://storage.googleapis.com/goldenpin/award_work/list_image/1110/image_79fa6b.jpeg,2765244,1110,Vote62: Protect Our Vote,https://goldenpin.org.tw/goldenpin/zh-TW/winners/#2023/comm/brand-identity,2026-09-02T22:47:22
Golden Pin,2023,GoldenPin_2023_18_84eda414_image_f14ba1.jpeg,https://storage.googleapis.com/goldenpin/award_work/list_image/1120/image_f14ba1.jpeg,135319,1120,real food,https://goldenpin.org.tw/goldenpin/zh-TW/winners/#2023/comm/brand-identity,2026-09-02T22:47:25
Golden Pin,2024,GoldenPin_2024_01_d2c0c0f5_image_90df2c.jpeg,https://storage.googleapis.com/goldenpin/award_work/list_image/1946/image_90df2c.jpeg,5664958,1946,"“Hello, Human!” ",https://goldenpin.org.tw/goldenpin/zh-TW/winners/#2024/comm/brand-identity,2026-09-02T22:47:36
Golden Pin,2024,GoldenPin_2024_02_c97c281d_image_0abb43.jpeg,https://storage.googleapis.com/goldenpin/award_work/list_image/1952/image_0abb43.jpeg,734054,1952,The National Museum in Kraków—brand identity,https://goldenpin.org.tw/goldenpin/zh-TW/winners/#2024/comm/brand-identity,2026-09-02T22:47:40
Golden Pin,2024,GoldenPin_2024_03_609bee83_image_03e6cf.jpeg,https://storage.googleapis.com/goldenpin/award_work/list_image/2043/image_03e6cf.jpeg,3627753,2043,@®©,https://goldenpin.org.tw/goldenpin/zh-TW/winners/#2024/comm/brand-identity,2026-09-02T22:47:47
Golden Pin,2024,GoldenPin_2024_04_ea42c3a4_image_12f6f7.png,https://storage.googleapis.com/goldenpin/award_work/list_image/1913/image_12f6f7.png,43530,1913,Stupid Stay,https://goldenpin.org.tw/goldenpin/zh-TW/winners/#2024/comm/brand-identity,2026-09-02T22:47:49
Golden Pin,2024,GoldenPin_2024_05_91f49174_image_512eea.jpeg,https://storage.googleapis.com/goldenpin/award_work/list_image/1918/image_512eea.jpeg,284371,1918,Rebranding Beartai to BT Beartai,https://goldenpin.org.tw/goldenpin/zh-TW/winners/#2024/comm/brand-identity,2026-09-02T22:47:52
Golden Pin,2024,GoldenPin_2024_06_d73f6f38_image_c36a17.jpeg,https://storage.googleapis.com/goldenpin/award_work/list_image/1919/image_c36a17.jpeg,3861320,1919,Franoe Rebranding,https://goldenpin.org.tw/goldenpin/zh-TW/winners/#2024/comm/brand-identity,2026-09-02T22:48:01
Golden Pin,2024,GoldenPin_2024_07_6d736d68_image_1eae27.jpeg,https://storage.googleapis.com/goldenpin/award_work/list_image/1922/image_1eae27.jpeg,3047285,1922,FLOWING CURRENT & WASTE LAND,https://goldenpin.org.tw/goldenpin/zh-TW/winners/#2024/comm/brand-identity,2026-09-02T22:48:07
Golden Pin,2024,GoldenPin_2024_08_558c6e46_image_a6225b.jpeg,https://storage.googleapis.com/goldenpin/award_work/list_image/1924/image_a6225b.jpeg,1150656,1924,BANGKOK DESIGN WEEK 2024,https://goldenpin.org.tw/goldenpin/zh-TW/winners/#2024/comm/brand-identity,2026-09-02T22:48:11
Golden Pin,2024,GoldenPin_2024_09_656f49ef_image_1f5340.jpeg,https://storage.googleapis.com/goldenpin/award_work/list_image/1925/image_1f5340.jpeg,2755840,1925, Architect Expo 2022 : CO-WITH CREATORS ,https://goldenpin.org.tw/goldenpin/zh-TW/winners/#2024/comm/brand-identity,2026-09-02T22:48:19
Golden Pin,2024,GoldenPin_2024_10_af3fe1ab_image_88094d.png,https://storage.googleapis.com/goldenpin/award_work/list_image/1926/image_88094d.png,1227042,1926,Identity System for Bangkok Metropolitan Administration (BMA),https://goldenpin.org.tw/goldenpin/zh-TW/winners/#2024/comm/brand-identity,2026-09-02T22:48:23
Golden Pin,2024,GoldenPin_2024_11_402cec97_image_8206eb.jpeg,https://storage.googleapis.com/goldenpin/award_work/list_image/1931/image_8206eb.jpeg,3110003,1931,Park Solo,https://goldenpin.org.tw/goldenpin/zh-TW/winners/#2024/comm/brand-identity,2026-09-02T22:48:31
Golden Pin,2024,GoldenPin_2024_12_7c9e0014_image_e281c5.jpeg,https://storage.googleapis.com/goldenpin/award_work/list_image/1932/image_e281c5.jpeg,2968748,1932,Landscape of haven ,https://goldenpin.org.tw/goldenpin/zh-TW/winners/#2024/comm/brand-identity,2026-09-02T22:48:38
Golden Pin,2024,GoldenPin_2024_13_8f96a5b2_image_e1c646.jpeg,https://storage.googleapis.com/goldenpin/award_work/list_image/1933/image_e1c646.jpeg,7811839,1933,On the Plain of Plenty,https://goldenpin.org.tw/goldenpin/zh-TW/winners/#2024/comm/brand-identity,2026-09-02T22:48:48
Golden Pin,2024,GoldenPin_2024_14_f61211be_image_1ae0a9.jpeg,https://storage.googleapis.com/goldenpin/award_work/list_image/1941/image_1ae0a9.jpeg,148034,1941,“(CUA)rchitect” Exhibition Visual Identity,https://goldenpin.org.tw/goldenpin/zh-TW/winners/#2024/comm/brand-identity,2026-09-02T22:48:51
Golden Pin,2024,GoldenPin_2024_15_f41f2fa7_image_6bdeaa.jpeg,https://storage.googleapis.com/goldenpin/award_work/list_image/1942/image_6bdeaa.jpeg,171340,1942,HKU Faculty of Social Sciences Information Day for Undergraduate Admission 2023 Identity,https://goldenpin.org.tw/goldenpin/zh-TW/winners/#2024/comm/brand-identity,2026-09-02T22:48:54
Golden Pin,2024,GoldenPin_2024_16_0266658c_image_7ba93d.jpeg,https://storage.googleapis.com/goldenpin/award_work/list_image/1951/image_7ba93d.jpeg,4190101,1951,Kapihan,https://goldenpin.org.tw/goldenpin/zh-TW/winners/#2024/comm/brand-identity,2026-09-02T22:49:02
Golden Pin,2024,GoldenPin_2024_17_5e0bd228_image_653dcc.jpeg,https://storage.googleapis.com/goldenpin/award_work/list_image/1953/image_653dcc.jpeg,3398817,1953,Coffee—Brand Identity,https://goldenpin.org.tw/goldenpin/zh-TW/winners/#2024/comm/brand-identity,2026-09-02T22:49:07
Golden Pin,2024,GoldenPin_2024_18_3fa57b7b_image_99b72f.jpeg,https://storage.googleapis.com/goldenpin/award_work/list_image/1955/image_99b72f.jpeg,1145639,1955,The Nature Valley – the brand identity & packaging,https://goldenpin.org.tw/goldenpin/zh-TW/winners/#2024/comm/brand-identity,2026-09-02T22:49:11
Golden Pin,2025,GoldenPin_2025_01_1e51027f_image_fb0783.jpeg,https://storage.googleapis.com/goldenpin/award_work/list_image/2547/image_fb0783.jpeg,3332456,2547,FUJIYA,https://goldenpin.org.tw/goldenpin/zh-TW/winners/#2025/comm/brand-identity,2026-09-02T22:49:18
Golden Pin,2025,GoldenPin_2025_02_28dfccb2_image_169ba0.jpeg,https://storage.googleapis.com/goldenpin/award_work/list_image/2888/image_169ba0.jpeg,2106799,2888,2025 YODEX : Preferred Future — Exhibition Identity Design,https://goldenpin.org.tw/goldenpin/zh-TW/winners/#2025/comm/brand-identity,2026-09-02T22:49:23
Golden Pin,2025,GoldenPin_2025_03_fa9fb4c1_image_b273f7.jpeg,https://storage.googleapis.com/goldenpin/award_work/list_image/2460/image_b273f7.jpeg,4030846,2460,Guide to filming in Hong Kong,https://goldenpin.org.tw/goldenpin/zh-TW/winners/#2025/comm/brand-identity,2026-09-02T22:49:29
Golden Pin,2025,GoldenPin_2025_04_67e2d7c1_image_252fe1.jpeg,https://storage.googleapis.com/goldenpin/award_work/list_image/2461/image_252fe1.jpeg,1488662,2461,Minna no Tsukemono,https://goldenpin.org.tw/goldenpin/zh-TW/winners/#2025/comm/brand-identity,2026-09-02T22:49:33
Golden Pin,2025,GoldenPin_2025_05_c129c4b2_image_436ed9.jpeg,https://storage.googleapis.com/goldenpin/award_work/list_image/2463/image_436ed9.jpeg,2517356,2463,oi! spotlight: The Golden Realm by Toyofuku,https://goldenpin.org.tw/goldenpin/zh-TW/winners/#2025/comm/brand-identity,2026-09-02T22:49:38
Golden Pin,2025,GoldenPin_2025_06_10b799ca_image_280775.jpeg,https://storage.googleapis.com/goldenpin/award_work/list_image/2467/image_280775.jpeg,569827,2467,Ateli – A Human-Centered Identity for Community-Focused Housing,https://goldenpin.org.tw/goldenpin/zh-TW/winners/#2025/comm/brand-identity,2026-09-02T22:49:42
Golden Pin,2025,GoldenPin_2025_07_36be7c7e_image_c21405.jpeg,https://storage.googleapis.com/goldenpin/award_work/list_image/2468/image_c21405.jpeg,1935345,2468,CLEAN CITY GDANSK,https://goldenpin.org.tw/goldenpin/zh-TW/winners/#2025/comm/brand-identity,2026-09-02T22:49:48
Golden Pin,2025,GoldenPin_2025_08_f7493458_image_276ea4.jpeg,https://storage.googleapis.com/goldenpin/award_work/list_image/2472/image_276ea4.jpeg,164727,2472,Hanlin Rebranding,https://goldenpin.org.tw/goldenpin/zh-TW/winners/#2025/comm/brand-identity,2026-09-02T22:49:51
Golden Pin,2025,GoldenPin_2025_09_97ea6c90_image_e77c52.jpeg,https://storage.googleapis.com/goldenpin/award_work/list_image/2473/image_e77c52.jpeg,125747,2473,Visual Identity for the Taichung Green Museumbrary (Taichung Public Library + Taichung Art Museum) ,https://goldenpin.org.tw/goldenpin/zh-TW/winners/#2025/comm/brand-identity,2026-09-02T22:49:53
Golden Pin,2025,GoldenPin_2025_10_01511b66_image_af1a63.jpeg,https://storage.googleapis.com/goldenpin/award_work/list_image/2474/image_af1a63.jpeg,2431559,2474,Bau-Jie Agarwood Brand Design,https://goldenpin.org.tw/goldenpin/zh-TW/winners/#2025/comm/brand-identity,2026-09-02T22:50:01
Golden Pin,2025,GoldenPin_2025_11_f8e9fdf5_image_8ed56f.jpeg,https://storage.googleapis.com/goldenpin/award_work/list_image/2476/image_8ed56f.jpeg,5342535,2476,ZenU Design Rebranding,https://goldenpin.org.tw/goldenpin/zh-TW/winners/#2025/comm/brand-identity,2026-09-02T22:50:07
Golden Pin,2025,GoldenPin_2025_12_04bf128d_image_f6fc0f.jpeg,https://storage.googleapis.com/goldenpin/award_work/list_image/2477/image_f6fc0f.jpeg,4724027,2477,Terzo Brand Design,https://goldenpin.org.tw/goldenpin/zh-TW/winners/#2025/comm/brand-identity,2026-09-02T22:50:15
Golden Pin,2025,GoldenPin_2025_13_1847786d_image_0d0470.jpeg,https://storage.googleapis.com/goldenpin/award_work/list_image/2478/image_0d0470.jpeg,3465217,2478,Astre Dental,https://goldenpin.org.tw/goldenpin/zh-TW/winners/#2025/comm/brand-identity,2026-09-02T22:50:20
Golden Pin,2025,GoldenPin_2025_14_a0b79f4f_image_e82d58.jpeg,https://storage.googleapis.com/goldenpin/award_work/list_image/2479/image_e82d58.jpeg,4256251,2479,Molecure Branding,https://goldenpin.org.tw/goldenpin/zh-TW/winners/#2025/comm/brand-identity,2026-09-02T22:50:29
Golden Pin,2025,GoldenPin_2025_15_60f20e39_image_9ba205.jpeg,https://storage.googleapis.com/goldenpin/award_work/list_image/2480/image_9ba205.jpeg,4768882,2480,Future Gelato_Visual Packaging,https://goldenpin.org.tw/goldenpin/zh-TW/winners/#2025/comm/brand-identity,2026-09-02T22:50:37
Golden Pin,2025,GoldenPin_2025_16_32efd78c_image_72c7d5.jpeg,https://storage.googleapis.com/goldenpin/award_work/list_image/2481/image_72c7d5.jpeg,1916353,2481,Taiwanese Roadside Banquet,https://goldenpin.org.tw/goldenpin/zh-TW/winners/#2025/comm/brand-identity,2026-09-02T22:50:41
Golden Pin,2025,GoldenPin_2025_17_d8ecb719_image_bbfcfc.jpeg,https://storage.googleapis.com/goldenpin/award_work/list_image/2482/image_bbfcfc.jpeg,5000787,2482,MUSEUM STORE | Yingge Ceramics Museum,https://goldenpin.org.tw/goldenpin/zh-TW/winners/#2025/comm/brand-identity,2026-09-02T22:50:48
Golden Pin,2025,GoldenPin_2025_18_7c4c557c_image_dcac9d.jpeg,https://storage.googleapis.com/goldenpin/award_work/list_image/2483/image_dcac9d.jpeg,1568241,2483,KYOKU HAKU Visual Identity and Fabric Pattern Integration,https://goldenpin.org.tw/goldenpin/zh-TW/winners/#2025/comm/brand-identity,2026-09-02T22:50:53
Golden Pin,2022,GoldenPin_2022_01_e16cc567_6b3021ee61bfdef34133913145ee1b91.jpg,https://storage.googleapis.com/goldenpin/award_work/list_image/415/6b3021ee61bfdef34133913145ee1b91.jpg,1228555,415,HELLO I AM Z WAVE,https://goldenpin.org.tw/goldenpin/zh-TW/winners/#2022/comm/brand-identity,2026-09-02T22:52:12
Golden Pin,2022,GoldenPin_2022_02_42aecbd7_list_image.jpeg,https://storage.googleapis.com/goldenpin/award_work/list_image/414/list_image.jpeg,2138162,414,Enjoy the Night,https://goldenpin.org.tw/goldenpin/zh-TW/winners/#2022/comm/brand-identity,2026-09-02T22:52:17
Golden Pin,2022,GoldenPin_2022_03_d8614abb_259440e193294a2fb5e21d5702daaf51.jpg,https://storage.googleapis.com/goldenpin/award_work/list_image/413/259440e193294a2fb5e21d5702daaf51.jpg,1541039,413,Pinghu Economic Development Zone Kindergarten,https://goldenpin.org.tw/goldenpin/zh-TW/winners/#2022/comm/brand-identity,2026-09-02T22:52:21
Golden Pin,2022,GoldenPin_2022_04_91587fc5_2e05bf1b9680006d9c135bf28f803993.jpg,https://storage.googleapis.com/goldenpin/award_work/list_image/412/2e05bf1b9680006d9c135bf28f803993.jpg,3713078,412,Technical City - visual identity system,https://goldenpin.org.tw/goldenpin/zh-TW/winners/#2022/comm/brand-identity,2026-09-02T22:52:27
Golden Pin,2022,GoldenPin_2022_05_23940807_1fa8176e8d8d02f5b5478836adec5930.jpg,https://storage.googleapis.com/goldenpin/award_work/list_image/411/1fa8176e8d8d02f5b5478836adec5930.jpg,4268588,411,RE:RISO Naughty Roll Featured Works Exhibiton,https://goldenpin.org.tw/goldenpin/zh-TW/winners/#2022/comm/brand-identity,2026-09-02T22:52:36
Golden Pin,2022,GoldenPin_2022_06_90cd8428_22b3fd827700dcd785ef600a31b7ceda.jpg,https://storage.googleapis.com/goldenpin/award_work/list_image/410/22b3fd827700dcd785ef600a31b7ceda.jpg,2674794,410,MACAO DESIGN WEEK 2021,https://goldenpin.org.tw/goldenpin/zh-TW/winners/#2022/comm/brand-identity,2026-09-02T22:52:42
Golden Pin,2022,GoldenPin_2022_07_cc7c220c_0e87fdbb66f4c8b9ac16ed9bae7ddfb1.jpg,https://storage.googleapis.com/goldenpin/award_work/list_image/409/0e87fdbb66f4c8b9ac16ed9bae7ddfb1.jpg,320704,409,VVG VILLAGE BAZAAR BRAND IDENTITY,https://goldenpin.org.tw/goldenpin/zh-TW/winners/#2022/comm/brand-identity,2026-09-02T22:52:45
Golden Pin,2022,GoldenPin_2022_08_877b92e9_0095eacf02a5ed91f084b57f69334d73.jpg,https://storage.googleapis.com/goldenpin/award_work/list_image/407/0095eacf02a5ed91f084b57f69334d73.jpg,4572146,407,Taitung Mambo Project,https://goldenpin.org.tw/goldenpin/zh-TW/winners/#2022/comm/brand-identity,2026-09-02T22:52:53
Golden Pin,2022,GoldenPin_2022_09_75de342c_cbbf06f1e16001912e003a8ba3ed43bb.jpg,https://storage.googleapis.com/goldenpin/award_work/list_image/406/cbbf06f1e16001912e003a8ba3ed43bb.jpg,359640,406,AOKKA VISUAL IDENTITY AND PACKAGING,https://goldenpin.org.tw/goldenpin/zh-TW/winners/#2022/comm/brand-identity,2026-09-02T22:52:57
Golden Pin,2022,GoldenPin_2022_10_c7529d59_01c9b51e7f0d6aa45e5fa7639962981e.jpg,https://storage.googleapis.com/goldenpin/award_work/list_image/405/01c9b51e7f0d6aa45e5fa7639962981e.jpg,884321,405,BREADROCKS,https://goldenpin.org.tw/goldenpin/zh-TW/winners/#2022/comm/brand-identity,2026-09-02T22:53:01
Golden Pin,2022,GoldenPin_2022_11_970cedbc_285b668352c863e0430e424372bc3ea7.jpg,https://storage.googleapis.com/goldenpin/award_work/list_image/404/285b668352c863e0430e424372bc3ea7.jpg,3116006,404,FEEEEL MACAU 2021,https://goldenpin.org.tw/goldenpin/zh-TW/winners/#2022/comm/brand-identity,2026-09-02T22:53:08
Golden Pin,2022,GoldenPin_2022_12_87433597_1f9c1ddaa2605ef7bbd2715b221d5df3.jpg,https://storage.googleapis.com/goldenpin/award_work/list_image/403/1f9c1ddaa2605ef7bbd2715b221d5df3.jpg,4639690,403,The unbearable lightness,https://goldenpin.org.tw/goldenpin/zh-TW/winners/#2022/comm/brand-identity,2026-09-02T22:53:17
Golden Pin,2022,GoldenPin_2022_13_d2b92b79_0741a00f307d84a715abc3ce1e559dab.jpg,https://storage.googleapis.com/goldenpin/award_work/list_image/402/0741a00f307d84a715abc3ce1e559dab.jpg,1753876,402,PAUSE - Chan Po Fung's Metalsmith Solo Exhibition,https://goldenpin.org.tw/goldenpin/zh-TW/winners/#2022/comm/brand-identity,2026-09-02T22:53:24
Golden Pin,2022,GoldenPin_2022_14_75414269_1c7e862f8f888e82b0c6044d28e87330.jpg,https://storage.googleapis.com/goldenpin/award_work/list_image/401/1c7e862f8f888e82b0c6044d28e87330.jpg,2247924,401,ONE TEA ROOM,https://goldenpin.org.tw/goldenpin/zh-TW/winners/#2022/comm/brand-identity,2026-09-02T22:53:29
Golden Pin,2022,GoldenPin_2022_15_c684d206_30c9b02ad40cfca9a4ab9e5de1c9c299.jpg,https://storage.googleapis.com/goldenpin/award_work/list_image/400/30c9b02ad40cfca9a4ab9e5de1c9c299.jpg,201256,400,"Taiwan National Day 2021 Key Visual: Major League Democracy, Befriending the World",https://goldenpin.org.tw/goldenpin/zh-TW/winners/#2022/comm/brand-identity,2026-09-02T22:53:33
Golden Pin,2022,GoldenPin_2022_16_61ee0d87_42672e3c73aec1313bc69a3e103abf44.jpg,https://storage.googleapis.com/goldenpin/award_work/list_image/399/42672e3c73aec1313bc69a3e103abf44.jpg,5009586,399,Lamma Mia,https://goldenpin.org.tw/goldenpin/zh-TW/winners/#2022/comm/brand-identity,2026-09-02T22:53:41
Golden Pin,2022,GoldenPin_2022_17_1d2963a8_0000cf84ea8d09b120c273fbd29dc4c9.jpg,https://storage.googleapis.com/goldenpin/award_work/list_image/398/0000cf84ea8d09b120c273fbd29dc4c9.jpg,907331,398,Alishan Forest Railway,https://goldenpin.org.tw/goldenpin/zh-TW/winners/#2022/comm/brand-identity,2026-09-02T22:53:45
Golden Pin,2022,GoldenPin_2022_18_31a80d58_5322ea1f4c7222041c4494c2a28e8b6e.jpg,https://storage.googleapis.com/goldenpin/award_work/list_image/397/5322ea1f4c7222041c4494c2a28e8b6e.jpg,4003180,397,Satellite Exhibitions,https://goldenpin.org.tw/goldenpin/zh-TW/winners/#2022/comm/brand-identity,2026-09-02T22:53:52
Golden Pin,2022,GoldenPin_2022_01_e16cc567_6b3021ee61bfdef34133913145ee1b91.jpg,https://storage.googleapis.com/goldenpin/award_work/list_image/415/6b3021ee61bfdef34133913145ee1b91.jpg,1228555,415,HELLO I AM Z WAVE,https://goldenpin.org.tw/goldenpin/zh-TW/winners/#2022/comm/brand-identity,2026-09-02T22:54:39
Golden Pin,2022,GoldenPin_2022_02_42aecbd7_list_image.jpeg,https://storage.googleapis.com/goldenpin/award_work/list_image/414/list_image.jpeg,2138162,414,Enjoy the Night,https://goldenpin.org.tw/goldenpin/zh-TW/winners/#2022/comm/brand-identity,2026-09-02T22:54:44
Golden Pin,2022,GoldenPin_2022_03_d8614abb_259440e193294a2fb5e21d5702daaf51.jpg,https://storage.googleapis.com/goldenpin/award_work/list_image/413/259440e193294a2fb5e21d5702daaf51.jpg,1541039,413,Pinghu Economic Development Zone Kindergarten,https://goldenpin.org.tw/goldenpin/zh-TW/winners/#2022/comm/brand-identity,2026-09-02T22:54:48
Golden Pin,2022,GoldenPin_2022_04_91587fc5_2e05bf1b9680006d9c135bf28f803993.jpg,https://storage.googleapis.com/goldenpin/award_work/list_image/412/2e05bf1b9680006d9c135bf28f803993.jpg,3713078,412,Technical City - visual identity system,https://goldenpin.org.tw/goldenpin/zh-TW/winners/#2022/comm/brand-identity,2026-09-02T22:54:53
Golden Pin,2022,GoldenPin_2022_05_23940807_1fa8176e8d8d02f5b5478836adec5930.jpg,https://storage.googleapis.com/goldenpin/award_work/list_image/411/1fa8176e8d8d02f5b5478836adec5930.jpg,4268588,411,RE:RISO Naughty Roll Featured Works Exhibiton,https://goldenpin.org.tw/goldenpin/zh-TW/winners/#2022/comm/brand-identity,2026-09-02T22:55:00
Golden Pin,2022,GoldenPin_2022_06_90cd8428_22b3fd827700dcd785ef600a31b7ceda.jpg,https://storage.googleapis.com/goldenpin/award_work/list_image/410/22b3fd827700dcd785ef600a31b7ceda.jpg,2674794,410,MACAO DESIGN WEEK 2021,https://goldenpin.org.tw/goldenpin/zh-TW/winners/#2022/comm/brand-identity,2026-09-02T22:55:05
Golden Pin,2022,GoldenPin_2022_07_cc7c220c_0e87fdbb66f4c8b9ac16ed9bae7ddfb1.jpg,https://storage.googleapis.com/goldenpin/award_work/list_image/409/0e87fdbb66f4c8b9ac16ed9bae7ddfb1.jpg,320704,409,VVG VILLAGE BAZAAR BRAND IDENTITY,https://goldenpin.org.tw/goldenpin/zh-TW/winners/#2022/comm/brand-identity,2026-09-02T22:55:09
Golden Pin,2022,GoldenPin_2022_08_877b92e9_0095eacf02a5ed91f084b57f69334d73.jpg,https://storage.googleapis.com/goldenpin/award_work/list_image/407/0095eacf02a5ed91f084b57f69334d73.jpg,4572146,407,Taitung Mambo Project,https://goldenpin.org.tw/goldenpin/zh-TW/winners/#2022/comm/brand-identity,2026-09-02T22:55:16
Golden Pin,2022,GoldenPin_2022_09_75de342c_cbbf06f1e16001912e003a8ba3ed43bb.jpg,https://storage.googleapis.com/goldenpin/award_work/list_image/406/cbbf06f1e16001912e003a8ba3ed43bb.jpg,359640,406,AOKKA VISUAL IDENTITY AND PACKAGING,https://goldenpin.org.tw/goldenpin/zh-TW/winners/#2022/comm/brand-identity,2026-09-02T22:55:19
Golden Pin,2022,GoldenPin_2022_10_c7529d59_01c9b51e7f0d6aa45e5fa7639962981e.jpg,https://storage.googleapis.com/goldenpin/award_work/list_image/405/01c9b51e7f0d6aa45e5fa7639962981e.jpg,884321,405,BREADROCKS,https://goldenpin.org.tw/goldenpin/zh-TW/winners/#2022/comm/brand-identity,2026-09-02T22:55:23
Golden Pin,2022,GoldenPin_2022_11_970cedbc_285b668352c863e0430e424372bc3ea7.jpg,https://storage.googleapis.com/goldenpin/award_work/list_image/404/285b668352c863e0430e424372bc3ea7.jpg,3116006,404,FEEEEL MACAU 2021,https://goldenpin.org.tw/goldenpin/zh-TW/winners/#2022/comm/brand-identity,2026-09-02T22:55:28
Golden Pin,2022,GoldenPin_2022_12_87433597_1f9c1ddaa2605ef7bbd2715b221d5df3.jpg,https://storage.googleapis.com/goldenpin/award_work/list_image/403/1f9c1ddaa2605ef7bbd2715b221d5df3.jpg,4639690,403,The unbearable lightness,https://goldenpin.org.tw/goldenpin/zh-TW/winners/#2022/comm/brand-identity,2026-09-02T22:55:34
Golden Pin,2022,GoldenPin_2022_13_d2b92b79_0741a00f307d84a715abc3ce1e559dab.jpg,https://storage.googleapis.com/goldenpin/award_work/list_image/402/0741a00f307d84a715abc3ce1e559dab.jpg,1753876,402,PAUSE - Chan Po Fung's Metalsmith Solo Exhibition,https://goldenpin.org.tw/goldenpin/zh-TW/winners/#2022/comm/brand-identity,2026-09-02T22:55:38
Golden Pin,2022,GoldenPin_2022_14_75414269_1c7e862f8f888e82b0c6044d28e87330.jpg,https://storage.googleapis.com/goldenpin/award_work/list_image/401/1c7e862f8f888e82b0c6044d28e87330.jpg,2247924,401,ONE TEA ROOM,https://goldenpin.org.tw/goldenpin/zh-TW/winners/#2022/comm/brand-identity,2026-09-02T22:55:43
Golden Pin,2022,GoldenPin_2022_15_c684d206_30c9b02ad40cfca9a4ab9e5de1c9c299.jpg,https://storage.googleapis.com/goldenpin/award_work/list_image/400/30c9b02ad40cfca9a4ab9e5de1c9c299.jpg,201256,400,"Taiwan National Day 2021 Key Visual: Major League Democracy, Befriending the World",https://goldenpin.org.tw/goldenpin/zh-TW/winners/#2022/comm/brand-identity,2026-09-02T22:55:46
Golden Pin,2022,GoldenPin_2022_16_61ee0d87_42672e3c73aec1313bc69a3e103abf44.jpg,https://storage.googleapis.com/goldenpin/award_work/list_image/399/42672e3c73aec1313bc69a3e103abf44.jpg,5009586,399,Lamma Mia,https://goldenpin.org.tw/goldenpin/zh-TW/winners/#2022/comm/brand-identity,2026-09-02T22:55:52
Golden Pin,2022,GoldenPin_2022_17_1d2963a8_0000cf84ea8d09b120c273fbd29dc4c9.jpg,https://storage.googleapis.com/goldenpin/award_work/list_image/398/0000cf84ea8d09b120c273fbd29dc4c9.jpg,907331,398,Alishan Forest Railway,https://goldenpin.org.tw/goldenpin/zh-TW/winners/#2022/comm/brand-identity,2026-09-02T22:55:55
Golden Pin,2022,GoldenPin_2022_18_31a80d58_5322ea1f4c7222041c4494c2a28e8b6e.jpg,https://storage.googleapis.com/goldenpin/award_work/list_image/397/5322ea1f4c7222041c4494c2a28e8b6e.jpg,4003180,397,Satellite Exhibitions,https://goldenpin.org.tw/goldenpin/zh-TW/winners/#2022/comm/brand-identity,2026-09-02T22:56:01
