award,year,file,url,bytes,category,sub_category,title,creator,page,fetched
Indigo,2021,Indigo_2021_01_b9430b22_71198cdc58c03e837a636324d808fd5b.png,https://indigoawards.s3.amazonaws.com/cache/cover/7753/image/71198cdc58c03e837a636324d808fd5b.png,55729,Branding,Real Estate,The Exchange E3,Range Left,https://www.indigoaward.com/winners/competition/2021,2026-09-02T23:27:55
Indigo,2021,Indigo_2021_02_519c3773_401c02b8e3cc44c4d13886cb5fa4c03e.jpg,https://indigoawards.s3.amazonaws.com/cache/cover/7762/image/401c02b8e3cc44c4d13886cb5fa4c03e.jpg,1607194,Branding,Real Estate,"Branding for Botanical Lofts, London E1",Range Left,https://www.indigoaward.com/winners/competition/2021,2026-09-02T23:27:58
Indigo,2021,Indigo_2021_03_8b1140c9_aad86f397460a70e9c0efa90dd03ab45.jpg,https://indigoawards.s3.amazonaws.com/cache/cover/6004/image/aad86f397460a70e9c0efa90dd03ab45.jpg,661395,Branding,Real Estate,Ato DTLA,Kilograph,https://www.indigoaward.com/winners/competition/2021,2026-09-02T23:28:02
Indigo,2021,Indigo_2021_04_8f4cc432_f5afd91d3adac6136784ff84900027e4.jpg,https://indigoawards.s3.amazonaws.com/cache/cover/6293/image/f5afd91d3adac6136784ff84900027e4.jpg,606173,Branding,Real Estate,421 East Dilido Drive Property Branding,Compass,https://www.indigoaward.com/winners/competition/2021,2026-09-02T23:28:05
Indigo,2021,Indigo_2021_05_5d764ffa_41575e293c7db967bb6ad2a052c405d2.jpg,https://indigoawards.s3.amazonaws.com/cache/cover/6166/image/41575e293c7db967bb6ad2a052c405d2.jpg,301480,Branding,Real Estate,Sienna Branding,Threshold,https://www.indigoaward.com/winners/competition/2021,2026-09-02T23:28:09
Indigo,2021,Indigo_2021_06_07d36722_638cce3e6da0a0798f1882e611502ecb.jpg,https://indigoawards.s3.amazonaws.com/cache/cover/5978/image/638cce3e6da0a0798f1882e611502ecb.jpg,161375,Branding,Real Estate,McGregor Square Brochure Booklets ,Ellen Bruss Design,https://www.indigoaward.com/winners/competition/2021,2026-09-02T23:28:12
Indigo,2021,Indigo_2021_07_43939138_59dd318d4583a6610efee1c9503ab06f.jpg,https://indigoawards.s3.amazonaws.com/cache/cover/6238/image/59dd318d4583a6610efee1c9503ab06f.jpg,539238,Branding,Real Estate,Torre Student Living,Threshold,https://www.indigoaward.com/winners/competition/2021,2026-09-02T23:28:14
Indigo,2021,Indigo_2021_08_ac6870f6_a3e26fc230ec4e3a46696a47fee07dee.jpg,https://indigoawards.s3.amazonaws.com/cache/cover/6301/image/a3e26fc230ec4e3a46696a47fee07dee.jpg,3057857,Branding,Real Estate,Casa de Sueño Property Branding,Compass,https://www.indigoaward.com/winners/competition/2021,2026-09-02T23:28:19
Indigo,2021,Indigo_2021_09_ecb4d3bd_36729b2de0fcaf433e182c1369a19b2f.jpg,https://indigoawards.s3.amazonaws.com/cache/cover/7906/image/36729b2de0fcaf433e182c1369a19b2f.jpg,285413,Branding,Real Estate,Highpoint Engineering,Nickerson,https://www.indigoaward.com/winners/competition/2021,2026-09-02T23:28:22
Indigo,2021,Indigo_2021_10_01472696_d9251e806e954d73d08978dc506abd06.png,https://indigoawards.s3.amazonaws.com/cache/cover/7790/image/d9251e806e954d73d08978dc506abd06.png,905300,Branding,Events,The Sego Awards,Big Monocle,https://www.indigoaward.com/winners/competition/2021,2026-09-02T23:28:28
Indigo,2021,Indigo_2021_11_0d8e97b1_2fe375f41ef6dbfdf5354d3c9665e0eb.jpg,https://indigoawards.s3.amazonaws.com/cache/cover/5647/image/2fe375f41ef6dbfdf5354d3c9665e0eb.jpg,1795024,Branding,Events,ALL.I.D. Everybody Dilla,OOO Studios,https://www.indigoaward.com/winners/competition/2021,2026-09-02T23:28:51
Indigo,2021,Indigo_2021_12_ac616167_a2125e609480955e218d11250aaebfa9.jpg,https://indigoawards.s3.amazonaws.com/cache/cover/6380/image/a2125e609480955e218d11250aaebfa9.jpg,1185795,Branding,Events,Draft Cafe - Draft Your Beat,Blue Hat ,https://www.indigoaward.com/winners/competition/2021,2026-09-02T23:28:54
Indigo,2021,Indigo_2021_13_6a6c66e9_e00a24f9d52f5185afc1bc18421791df.jpg,https://indigoawards.s3.amazonaws.com/cache/cover/7078/image/e00a24f9d52f5185afc1bc18421791df.jpg,1714057,Branding,Events,Bluecore Open,Bluecore,https://www.indigoaward.com/winners/competition/2021,2026-09-02T23:28:59
Indigo,2021,Indigo_2021_14_bac5fd5f_midsize-308ea3a7ad5b6331f6c2f49599a71dde.jpg,https://indigoawards.s3.amazonaws.com/store/cover/6995/image/midsize-308ea3a7ad5b6331f6c2f49599a71dde.jpg,85270,Branding,Events,The 2020 Vision,RLD Creative,https://www.indigoaward.com/winners/competition/2021,2026-09-02T23:29:01
Indigo,2021,Indigo_2021_15_cc015d08_3b1d3e88fe5e4d3d7d2ad96e3fa85868.jpg,https://indigoawards.s3.amazonaws.com/cache/cover/6447/image/3b1d3e88fe5e4d3d7d2ad96e3fa85868.jpg,276532,Branding,Events,Award Ceremony Branding Identities Design,UC DEVELOPMENT LIMITED,https://www.indigoaward.com/winners/competition/2021,2026-09-02T23:29:04
Indigo,2021,Indigo_2021_16_a6e9c2aa_2f48f882331c88cb44bc5d7e93d19b46.png,https://indigoawards.s3.amazonaws.com/cache/cover/7034/image/2f48f882331c88cb44bc5d7e93d19b46.png,136412,Branding,Events,Design Inspire,ValueLabs ,https://www.indigoaward.com/winners/competition/2021,2026-09-02T23:29:07
Indigo,2021,Indigo_2021_17_f44ff8ab_98549cbe5e0f0bcb8492b92130d788f3.jpg,https://indigoawards.s3.amazonaws.com/cache/cover/6967/image/98549cbe5e0f0bcb8492b92130d788f3.jpg,4992177,Branding,Restaurants / Cafe,FELIX KITCHEN AND BAR'S IDENTITY,Graphasel Design Studio,https://www.indigoaward.com/winners/competition/2021,2026-09-02T23:29:17
Indigo,2021,Indigo_2021_18_7e44f085_9adda84b3bd919831ed15596a95e1498.jpg,https://indigoawards.s3.amazonaws.com/cache/cover/7892/image/9adda84b3bd919831ed15596a95e1498.jpg,381212,Branding,Restaurants / Cafe,Rice 'N Fire,"Chim Media, Inc.",https://www.indigoaward.com/winners/competition/2021,2026-09-02T23:29:20
Indigo,2022,Indigo_2022_01_b48565de_midsize-520db1b797024bd15b8223b06a7d8ff7.png,https://indigoawards.s3.amazonaws.com/store/cover/8533/image/midsize-520db1b797024bd15b8223b06a7d8ff7.png,180209,Branding,Services - Other,Mercer: Shining new light on a global consulting firm ,Lippincott,https://www.indigoaward.com/winners/competition/2022,2026-09-02T23:29:45
Indigo,2022,Indigo_2022_02_40c7a55c_midsize-ca76a5afa3bb7a1ddbee31e6fd21f6a7.png,https://indigoawards.s3.amazonaws.com/store/cover/10006/image/midsize-ca76a5afa3bb7a1ddbee31e6fd21f6a7.png,95793,Branding,Services - Other,Bea's Detroit ,Unsold Studio,https://www.indigoaward.com/winners/competition/2022,2026-09-02T23:29:49
Indigo,2022,Indigo_2022_03_ef6efae9_midsize-b3d22bff9b8116a2e64cd2f4ba707731.jpg,https://indigoawards.s3.amazonaws.com/store/cover/10362/image/midsize-b3d22bff9b8116a2e64cd2f4ba707731.jpg,1930081,Branding,Services - Other,Kids Cancer Centre Rebrand,SunnySideUp,https://www.indigoaward.com/winners/competition/2022,2026-09-02T23:29:55
Indigo,2022,Indigo_2022_04_68cda564_midsize-81aae1250fec89acdbe8880deb9cc348.jpg,https://indigoawards.s3.amazonaws.com/store/cover/8534/image/midsize-81aae1250fec89acdbe8880deb9cc348.jpg,39059,Branding,Services - Other,UKG: Bringing together two HR leaders for a unified future​  ​,Lippincott,https://www.indigoaward.com/winners/competition/2022,2026-09-02T23:29:57
Indigo,2022,Indigo_2022_05_0d91d297_29a549a3049343460d318f7fb79683bf.jpg,https://indigoawards.s3.amazonaws.com/cache/cover/8126/image/29a549a3049343460d318f7fb79683bf.jpg,220286,Branding,Services - Other,Brand Identity for Invoke Hospitality,Huck Yeah,https://www.indigoaward.com/winners/competition/2022,2026-09-02T23:29:59
Indigo,2022,Indigo_2022_06_8f592570_bf4160c5e08baf25a3cb40144d74d990.jpg,https://indigoawards.s3.amazonaws.com/cache/cover/8523/image/bf4160c5e08baf25a3cb40144d74d990.jpg,1749153,Branding,Services - Other,Enjoy Happy Food Rebranding,Play Design Lab,https://www.indigoaward.com/winners/competition/2022,2026-09-02T23:30:05
Indigo,2022,Indigo_2022_07_cedd52e8_f88b307a2adfe551f29bb67f99c18c09.png,https://indigoawards.s3.amazonaws.com/cache/cover/8528/image/f88b307a2adfe551f29bb67f99c18c09.png,40783,Branding,Services - Other,GXO: Launching a global leader in logistics,Lippincott,https://www.indigoaward.com/winners/competition/2022,2026-09-02T23:30:07
Indigo,2022,Indigo_2022_08_be8fbe30_midsize-92c280cafc47896f16e6db91c6fad601.jpg,https://indigoawards.s3.amazonaws.com/store/cover/10370/image/midsize-92c280cafc47896f16e6db91c6fad601.jpg,1937164,Branding,Services - Other,Sydney Children’s Hospitals Foundation Rebrand,SunnySideUp,https://www.indigoaward.com/winners/competition/2022,2026-09-02T23:30:13
Indigo,2022,Indigo_2022_09_8336db61_midsize-cf2c80daa2790ed6b1fcc2c3d27d6436.png,https://indigoawards.s3.amazonaws.com/store/cover/9241/image/midsize-cf2c80daa2790ed6b1fcc2c3d27d6436.png,18555,Branding,Services - Other,The World's Paper Company,Thackway McCord,https://www.indigoaward.com/winners/competition/2022,2026-09-02T23:30:14
Indigo,2022,Indigo_2022_10_7a115231_midsize-4ec8c6a3e06545f210d1edf1ae1a861f.jpeg,https://indigoawards.s3.amazonaws.com/store/cover/9520/image/midsize-4ec8c6a3e06545f210d1edf1ae1a861f.jpeg,18154,Branding,Services - Other,Scott Shields Architects,Kilograph,https://www.indigoaward.com/winners/competition/2022,2026-09-02T23:30:16
Indigo,2022,Indigo_2022_11_fed4e936_midsize-05e8040f537d6cffc5a310c626f431af.png,https://indigoawards.s3.amazonaws.com/store/cover/10113/image/midsize-05e8040f537d6cffc5a310c626f431af.png,95256,Branding,Services - Other,Shalem Hospice Care Brand and Website,Undaunted Agency,https://www.indigoaward.com/winners/competition/2022,2026-09-02T23:30:18
Indigo,2022,Indigo_2022_12_f8b0349f_42ccf3681aadce8fbe65bf7edae3243a.jpg,https://indigoawards.s3.amazonaws.com/cache/cover/8362/image/42ccf3681aadce8fbe65bf7edae3243a.jpg,1769100,Branding,Services - Other,AECOM's Brand Refresh,AECOM,https://www.indigoaward.com/winners/competition/2022,2026-09-02T23:30:22
Indigo,2022,Indigo_2022_13_f21d2a8c_c53ae6ef188648019fce7febc6577cd2.png,https://indigoawards.s3.amazonaws.com/cache/cover/8529/image/c53ae6ef188648019fce7febc6577cd2.png,38455,Branding,Services - Other,A new chapter for a 150-year-old enterprise ,Lippincott,https://www.indigoaward.com/winners/competition/2022,2026-09-02T23:30:24
Indigo,2022,Indigo_2022_14_953535bf_e483241ed4662a5d4267443b78e8b64f.jpg,https://indigoawards.s3.amazonaws.com/cache/cover/8347/image/e483241ed4662a5d4267443b78e8b64f.jpg,754330,Branding,Services - Other,"Junk, Junk, Baby! Unbeatable Junk Removal",Stirling Brandworks,https://www.indigoaward.com/winners/competition/2022,2026-09-02T23:30:28
Indigo,2022,Indigo_2022_15_10acc81b_28f862d5ffa09fc061ea7f648087e07a.jpg,https://indigoawards.s3.amazonaws.com/cache/cover/8099/image/28f862d5ffa09fc061ea7f648087e07a.jpg,3060307,Branding,Services - Other,SENTRUM,Fikri Mahsul,https://www.indigoaward.com/winners/competition/2022,2026-09-02T23:30:34
Indigo,2022,Indigo_2022_16_11424f1a_midsize-265c426b95bcc7a64605f2d18c95f5db.png,https://indigoawards.s3.amazonaws.com/store/cover/10383/image/midsize-265c426b95bcc7a64605f2d18c95f5db.png,25619,Branding,Services - Other,Hemuco,Cloud9 Oy,https://www.indigoaward.com/winners/competition/2022,2026-09-02T23:30:37
Indigo,2022,Indigo_2022_17_edde53db_midsize-8c0027807711452d7fb325ef0d025740.png,https://indigoawards.s3.amazonaws.com/store/cover/8813/image/midsize-8c0027807711452d7fb325ef0d025740.png,29864,Branding,Technology,InstaProtection,Creativeans,https://www.indigoaward.com/winners/competition/2022,2026-09-02T23:30:39
Indigo,2022,Indigo_2022_18_aa0d93a6_midsize-73b7d7452919d1c839c51ec74132f598.jpg,https://indigoawards.s3.amazonaws.com/store/cover/9391/image/midsize-73b7d7452919d1c839c51ec74132f598.jpg,9966,Branding,Technology,TaxGift Brand,Edition,https://www.indigoaward.com/winners/competition/2022,2026-09-02T23:30:40
Indigo,2023,Indigo_2023_01_6ada6522_midsize-4bced441ce4d1293ca1c53f169063371.png,https://indigoawards.s3.amazonaws.com/store/cover/10918/image/midsize-4bced441ce4d1293ca1c53f169063371.png,156856,Branding,Real Estate,Goodman Future Brand,Yonder,https://www.indigoaward.com/winners/competition/2023,2026-09-02T23:30:46
Indigo,2023,Indigo_2023_02_30fccc73_midsize-1a69d3d097f6094c75a63d8151e4d33e.jpg,https://indigoawards.s3.amazonaws.com/store/cover/11874/image/midsize-1a69d3d097f6094c75a63d8151e4d33e.jpg,56728,Branding,Real Estate,"Campus, Reading International",Socrates Communications,https://www.indigoaward.com/winners/competition/2023,2026-09-02T23:30:48
Indigo,2023,Indigo_2023_03_aebb7d68_midsize-6a8a35eb87380156d66c7b1659455481.png,https://indigoawards.s3.amazonaws.com/store/cover/11204/image/midsize-6a8a35eb87380156d66c7b1659455481.png,16497,Branding,Real Estate,The Jefferson,Think Joule,https://www.indigoaward.com/winners/competition/2023,2026-09-02T23:30:49
Indigo,2023,Indigo_2023_04_66d68f3e_iZgUTQQEXCNZq68RZjLLPQEy,https://d3crlhnriidvt.cloudfront.net/iZgUTQQEXCNZq68RZjLLPQEy,215502,Branding,Real Estate,Love how you live,Siegel+Gale,https://www.indigoaward.com/winners/competition/2023,2026-09-02T23:30:51
Indigo,2023,Indigo_2023_05_90613476_midsize-7051ca6ed0029758ee9b61e4fe0b919c.jpg,https://indigoawards.s3.amazonaws.com/store/cover/11205/image/midsize-7051ca6ed0029758ee9b61e4fe0b919c.jpg,104965,Branding,Real Estate,Mercato Grove,Think Joule,https://www.indigoaward.com/winners/competition/2023,2026-09-02T23:30:53
Indigo,2023,Indigo_2023_06_12a6ad0d_midsize-85e1db55f4f902db49a866a4b1fe0404.jpg,https://indigoawards.s3.amazonaws.com/store/cover/11206/image/midsize-85e1db55f4f902db49a866a4b1fe0404.jpg,66752,Branding,Real Estate,Gate510 Wayfinding,Think Joule,https://www.indigoaward.com/winners/competition/2023,2026-09-02T23:30:55
Indigo,2023,Indigo_2023_07_c5e4929e_9aPKvPJGQELH2AwKbHU6ZwpA,https://d3crlhnriidvt.cloudfront.net/9aPKvPJGQELH2AwKbHU6ZwpA,616383,Branding,Real Estate,Aire,Kilograph,https://www.indigoaward.com/winners/competition/2023,2026-09-02T23:30:57
Indigo,2023,Indigo_2023_08_cf2957d5_JRb5ksM414Cz9nbTP13h36u8,https://d3crlhnriidvt.cloudfront.net/JRb5ksM414Cz9nbTP13h36u8,2314152,Branding,Real Estate,Hana Apartments,Think Joule,https://www.indigoaward.com/winners/competition/2023,2026-09-02T23:31:00
Indigo,2023,Indigo_2023_09_c92558db_midsize-c2fd09cdfba91e8b64eb207c625e2094.jpg,https://indigoawards.s3.amazonaws.com/store/cover/11823/image/midsize-c2fd09cdfba91e8b64eb207c625e2094.jpg,62457,Branding,Real Estate,Pathway Devens,,https://www.indigoaward.com/winners/competition/2023,2026-09-02T23:31:02
Indigo,2023,Indigo_2023_10_d606bd75_midsize-b6ca80d38752d802b7c2c2a8b39ee67f.jpg,https://indigoawards.s3.amazonaws.com/store/cover/11202/image/midsize-b6ca80d38752d802b7c2c2a8b39ee67f.jpg,64744,Branding,Real Estate,Edlen & Co.,Think Joule,https://www.indigoaward.com/winners/competition/2023,2026-09-02T23:31:03
Indigo,2023,Indigo_2023_11_041bf802_qmewtD8HAtH1bJQeNxvRHkrx,https://d3crlhnriidvt.cloudfront.net/qmewtD8HAtH1bJQeNxvRHkrx,4497683,Branding,Real Estate,SWL,Récréation,https://www.indigoaward.com/winners/competition/2023,2026-09-02T23:31:07
Indigo,2023,Indigo_2023_12_33ba65f1_uYhaBN8Gcuh5f3x2eJmTEifJ,https://d3crlhnriidvt.cloudfront.net/uYhaBN8Gcuh5f3x2eJmTEifJ,2743502,Branding,Real Estate,Terwilliger Plaza Design Center,Think Joule,https://www.indigoaward.com/winners/competition/2023,2026-09-02T23:31:10
Indigo,2023,Indigo_2023_13_eccad1fc_midsize-469492e902ce0839ac620a98cca831b7.png,https://indigoawards.s3.amazonaws.com/store/cover/11862/image/midsize-469492e902ce0839ac620a98cca831b7.png,270673,Branding,Technology,Future Reimagined for SLK Software - Complete Brand Refresh,Zensciences Business Solutions LLP,https://www.indigoaward.com/winners/competition/2023,2026-09-02T23:31:13
Indigo,2023,Indigo_2023_14_f631e299_original-e5532d2bbcbf50f830f2612979245a9f.gif,https://indigoawards.s3.amazonaws.com/store/cover/11740/image/original-e5532d2bbcbf50f830f2612979245a9f.gif,4165437,Branding,Technology,VOREL ,Creativeans,https://www.indigoaward.com/winners/competition/2023,2026-09-02T23:31:18
Indigo,2023,Indigo_2023_15_a6bcd4d9_KtBAEpvP4PPp341Mu4z5Dms1,https://d3crlhnriidvt.cloudfront.net/KtBAEpvP4PPp341Mu4z5Dms1,255060,Branding,Technology,Brightscout Rebrand,Brightscout,https://www.indigoaward.com/winners/competition/2023,2026-09-02T23:31:20
Indigo,2023,Indigo_2023_16_841af248_4grtCYAcambki3ct1kNfDN4h,https://d3crlhnriidvt.cloudfront.net/4grtCYAcambki3ct1kNfDN4h,1526374,Branding,Technology,Be in control of your information flow,Ojity,https://www.indigoaward.com/winners/competition/2023,2026-09-02T23:31:22
Indigo,2023,Indigo_2023_17_be15dda2_midsize-d608c214f5ad61eb85176016b576a793.jpeg,https://indigoawards.s3.amazonaws.com/store/cover/10721/image/midsize-d608c214f5ad61eb85176016b576a793.jpeg,19586,Branding,Technology,"KitaBeli : Reimagine Buying Experience, Together!",Okular Creative,https://www.indigoaward.com/winners/competition/2023,2026-09-02T23:31:24
Indigo,2023,Indigo_2023_18_8798a394_original-e1e7bff2177c4d3ee3cf4e6d41fa766d.gif,https://indigoawards.s3.amazonaws.com/store/cover/11713/image/original-e1e7bff2177c4d3ee3cf4e6d41fa766d.gif,2310982,Branding,Technology,Panda Century Education,Creativeans,https://www.indigoaward.com/winners/competition/2023,2026-09-02T23:31:28
Indigo,2024,Indigo_2024_01_2a57f56b_eqmR8o4Lrj1JpAQ9dibBBPxV,https://d3crlhnriidvt.cloudfront.net/eqmR8o4Lrj1JpAQ9dibBBPxV,21686,Branding,Technology,Future: Here We Go,Grizzly,https://www.indigoaward.com/winners/competition/2024,2026-09-02T23:31:32
Indigo,2024,Indigo_2024_02_6cbc3095_FCGjtY5EMrzMUwo2AxzjEP98,https://d3crlhnriidvt.cloudfront.net/FCGjtY5EMrzMUwo2AxzjEP98,361090,Branding,Technology,Walla: Leap Forward  ,Grizzly,https://www.indigoaward.com/winners/competition/2024,2026-09-02T23:31:34
Indigo,2024,Indigo_2024_03_98917b70_U4K3eprZhKQfiuic26ce2GJx,https://d3crlhnriidvt.cloudfront.net/U4K3eprZhKQfiuic26ce2GJx,793843,Branding,Technology,Snack POS,GCNY Marketing,https://www.indigoaward.com/winners/competition/2024,2026-09-02T23:31:36
Indigo,2024,Indigo_2024_04_26283707_Qc1nT5NdoAj7nsCetC9F7Fuf,https://d3crlhnriidvt.cloudfront.net/Qc1nT5NdoAj7nsCetC9F7Fuf,39517,Branding,Technology,Creatie.ai brand identity,Creatie,https://www.indigoaward.com/winners/competition/2024,2026-09-02T23:31:38
Indigo,2024,Indigo_2024_05_215dd232_3cbazef9bp30rhutbp9c34hxw8i0,https://d3crlhnriidvt.cloudfront.net/3cbazef9bp30rhutbp9c34hxw8i0,827656,Branding,Technology,An identity to reward creativity,Studio Miko,https://www.indigoaward.com/winners/competition/2024,2026-09-02T23:31:40
Indigo,2024,Indigo_2024_06_c8c59719_YJsjxdsiryArk51uM5TVxULV,https://d3crlhnriidvt.cloudfront.net/YJsjxdsiryArk51uM5TVxULV,90281,Branding,Technology,CentML - Revolutionizing Machine Learning,Oddbee Inc.,https://www.indigoaward.com/winners/competition/2024,2026-09-02T23:31:41
Indigo,2024,Indigo_2024_07_c8724232_ubYNYvLw84vNnBtqC37VLL3f,https://d3crlhnriidvt.cloudfront.net/ubYNYvLw84vNnBtqC37VLL3f,380000,Branding,Technology,Launching EVesto: Empowering Success in the EV Industry,Wild Digital ,https://www.indigoaward.com/winners/competition/2024,2026-09-02T23:31:43
Indigo,2024,Indigo_2024_08_e1c1c9f3_xggUNcecDfbAEUK6Le6iBPvc,https://d3crlhnriidvt.cloudfront.net/xggUNcecDfbAEUK6Le6iBPvc,66075,Branding,Technology,COSAC Rebrand,Tiny Hunter,https://www.indigoaward.com/winners/competition/2024,2026-09-02T23:31:44
Indigo,2024,Indigo_2024_09_8228bcd9_BQPJgcMyuw1zfaQDrZWHRXTU,https://d3crlhnriidvt.cloudfront.net/BQPJgcMyuw1zfaQDrZWHRXTU,82627,Branding,Technology,AccountKit Trade Event Presence,Little Village Creative,https://www.indigoaward.com/winners/competition/2024,2026-09-02T23:31:46
Indigo,2024,Indigo_2024_10_d4b76ffc_tWFBnpH1r2e6re7sENZ77rBU,https://d3crlhnriidvt.cloudfront.net/tWFBnpH1r2e6re7sENZ77rBU,25811,Branding,Technology,BluElement - Rebranding,Grafico,https://www.indigoaward.com/winners/competition/2024,2026-09-02T23:31:47
Indigo,2024,Indigo_2024_11_90395792_eem4H5DNkAWZM3apiVpyAJ5V,https://d3crlhnriidvt.cloudfront.net/eem4H5DNkAWZM3apiVpyAJ5V,460648,Branding,Technology,Momentus Branding,Atomicdust,https://www.indigoaward.com/winners/competition/2024,2026-09-02T23:31:49
Indigo,2024,Indigo_2024_12_14e209fd_xaby6iufhfg42gdl6upa5olmbgre,https://d3crlhnriidvt.cloudfront.net/xaby6iufhfg42gdl6upa5olmbgre,571191,Branding,Technology,Farm Bureau Ag Innovation Challenge Campaign,Farm Credit Council,https://www.indigoaward.com/winners/competition/2024,2026-09-02T23:31:51
Indigo,2024,Indigo_2024_13_3caee4e5_pavsyqr5t4i9ag4srtjqlg7uur3q,https://d3crlhnriidvt.cloudfront.net/pavsyqr5t4i9ag4srtjqlg7uur3q,618811,Branding,Technology,Oracle Redwood Design System,Oracle,https://www.indigoaward.com/winners/competition/2024,2026-09-02T23:31:53
Indigo,2024,Indigo_2024_14_ebb67b94_2ufmhhm2ohlqgstyrd2rq0e15ycs,https://d3crlhnriidvt.cloudfront.net/2ufmhhm2ohlqgstyrd2rq0e15ycs,784526,Branding,Services - Other,CStar Line,Mpire,https://www.indigoaward.com/winners/competition/2024,2026-09-02T23:31:55
Indigo,2024,Indigo_2024_15_d8f1ef48_zp6exjoegom1clhywyf2zdp9utur,https://d3crlhnriidvt.cloudfront.net/zp6exjoegom1clhywyf2zdp9utur,785394,Branding,Services - Other,Aeris Dynamics,Creativeans Pte Ltd,https://www.indigoaward.com/winners/competition/2024,2026-09-02T23:31:57
Indigo,2024,Indigo_2024_16_868bce34_YwsTqkbqFGhhHyqnYZDbThhK,https://d3crlhnriidvt.cloudfront.net/YwsTqkbqFGhhHyqnYZDbThhK,950724,Branding,Services - Other,MOCOM Totally Integrated Communication Agency,MOCOM,https://www.indigoaward.com/winners/competition/2024,2026-09-02T23:31:59
Indigo,2024,Indigo_2024_17_e204d0a1_kU53js2LsNy2bFjavRE94WdA,https://d3crlhnriidvt.cloudfront.net/kU53js2LsNy2bFjavRE94WdA,97300,Branding,Services - Other,Vursor Branding,Famous Victory Branding & Design,https://www.indigoaward.com/winners/competition/2024,2026-09-02T23:32:01
Indigo,2024,Indigo_2024_18_5e00ab1f_tNFYS9EiqkQw71a74rcbR3dJ,https://d3crlhnriidvt.cloudfront.net/tNFYS9EiqkQw71a74rcbR3dJ,98240,Branding,Services - Other,Berxi Insurance Rebrand,Famous Victory Branding & Design,https://www.indigoaward.com/winners/competition/2024,2026-09-02T23:32:02
Indigo,2020,Indigo_2020_01_682f20e4_00508f76ad0ab905e0a1c025701ffb51.jpg,https://indigoawards.s3.amazonaws.com/cache/cover/4936/image/00508f76ad0ab905e0a1c025701ffb51.jpg,252887,Graphic Design,Branding,GoDaddy Brand,GoDaddy Brand Team,https://www.indigoaward.com/winners/competition/2020,2026-09-02T23:34:39
Indigo,2020,Indigo_2020_02_6a7b1f0d_6d239ce29ca95be4601bff38cd5151c5.jpg,https://indigoawards.s3.amazonaws.com/cache/cover/1618/image/6d239ce29ca95be4601bff38cd5151c5.jpg,300006,Graphic Design,Branding,Destination Paris Bercy,Fanny DE BRAY,https://www.indigoaward.com/winners/competition/2020,2026-09-02T23:34:42
Indigo,2020,Indigo_2020_03_49b588fc_a46ec86fe94186b03079c258ec473779.jpg,https://indigoawards.s3.amazonaws.com/cache/cover/3150/image/a46ec86fe94186b03079c258ec473779.jpg,274441,Graphic Design,Branding,Feals,Herman-Scheer,https://www.indigoaward.com/winners/competition/2020,2026-09-02T23:34:45
Indigo,2020,Indigo_2020_04_ab097035_90da9153430dc4f96a0cd0f414c85781.jpg,https://indigoawards.s3.amazonaws.com/cache/cover/3481/image/90da9153430dc4f96a0cd0f414c85781.jpg,200493,Graphic Design,Branding,Branding Design for the Ladies Purse Day,Clement Young,https://www.indigoaward.com/winners/competition/2020,2026-09-02T23:34:47
Indigo,2020,Indigo_2020_05_eeb9a79f_1ed3b8269ddb5f18ebcf1e6ba3efed4a.jpg,https://indigoawards.s3.amazonaws.com/cache/cover/3283/image/1ed3b8269ddb5f18ebcf1e6ba3efed4a.jpg,3194426,Graphic Design,Branding, Hsu’s Promise,"Triangler Co., Ltd.",https://www.indigoaward.com/winners/competition/2020,2026-09-02T23:34:52
Indigo,2020,Indigo_2020_06_7697f056_fa7d220b663e0b815340a9b5f512c9d5.jpg,https://indigoawards.s3.amazonaws.com/cache/cover/3285/image/fa7d220b663e0b815340a9b5f512c9d5.jpg,390901,Graphic Design,Branding,Deer's Hotpot Bistro,"Triangler Co., Ltd.",https://www.indigoaward.com/winners/competition/2020,2026-09-02T23:34:55
Indigo,2020,Indigo_2020_07_de6f4290_c749c10dab0744f2863536c9caac6223.jpg,https://indigoawards.s3.amazonaws.com/cache/cover/3290/image/c749c10dab0744f2863536c9caac6223.jpg,641929,Graphic Design,Branding,Restau Renaissance,"Triangler Co., Ltd.",https://www.indigoaward.com/winners/competition/2020,2026-09-02T23:34:58
Indigo,2020,Indigo_2020_08_b2aa9575_5936db2f5b5bce563c9844c0962c5bce.jpg,https://indigoawards.s3.amazonaws.com/cache/cover/3284/image/5936db2f5b5bce563c9844c0962c5bce.jpg,3033123,Graphic Design,Branding,Enchantée,"Triangler Co., Ltd.",https://www.indigoaward.com/winners/competition/2020,2026-09-02T23:35:03
Indigo,2020,Indigo_2020_09_506dab18_6a0e01cc624e1f0ccd76466ef919bf2a.png,https://indigoawards.s3.amazonaws.com/cache/cover/3581/image/6a0e01cc624e1f0ccd76466ef919bf2a.png,4095694,Graphic Design,Branding,Luna Atelier Skin,Jackie Huck,https://www.indigoaward.com/winners/competition/2020,2026-09-02T23:35:19
Indigo,2020,Indigo_2020_10_335759c0_4d4fd460f76ff7f6d77fc6ad4c0e8aab.jpg,https://indigoawards.s3.amazonaws.com/cache/cover/3888/image/4d4fd460f76ff7f6d77fc6ad4c0e8aab.jpg,1058286,Graphic Design,Branding,Burj Boutique,Dmytro Lynnyk,https://www.indigoaward.com/winners/competition/2020,2026-09-02T23:35:22
Indigo,2020,Indigo_2020_11_4a0ba224_d2588afa5e28fdf8611f73c11ec82f81.jpg,https://indigoawards.s3.amazonaws.com/cache/cover/3960/image/d2588afa5e28fdf8611f73c11ec82f81.jpg,1437738,Graphic Design,Branding,"Rebrand: One Building, Three Stories.",Sarah Louise Kinsella,https://www.indigoaward.com/winners/competition/2020,2026-09-02T23:35:27
Indigo,2020,Indigo_2020_12_2744aac9_midsize-2941b6a70871a53f77ae76f90e8e090f.jpg,https://indigoawards.s3.amazonaws.com/store/cover/5255/image/midsize-2941b6a70871a53f77ae76f90e8e090f.jpg,58442,Graphic Design,Branding,Puerto Lopez,Federico Pallas,https://www.indigoaward.com/winners/competition/2020,2026-09-02T23:35:29
Indigo,2020,Indigo_2020_13_9b8d2b65_d3e556e36e39486672e89ff89e275cf3.jpg,https://indigoawards.s3.amazonaws.com/cache/cover/3331/image/d3e556e36e39486672e89ff89e275cf3.jpg,833976,Graphic Design,Branding,New York Women's Surf Film Festival,Shanti Sparrow,https://www.indigoaward.com/winners/competition/2020,2026-09-02T23:35:32
Indigo,2020,Indigo_2020_14_c9be75eb_d71fda941d5fa956170bdaf817c1f195.jpg,https://indigoawards.s3.amazonaws.com/cache/cover/3786/image/d71fda941d5fa956170bdaf817c1f195.jpg,252641,Graphic Design,Branding,Antibition,Colton Barry,https://www.indigoaward.com/winners/competition/2020,2026-09-02T23:35:35
Indigo,2020,Indigo_2020_15_bd44cdef_midsize-65f351070eb0f4aa58eec7335d7ee6fb.jpg,https://indigoawards.s3.amazonaws.com/store/cover/3604/image/midsize-65f351070eb0f4aa58eec7335d7ee6fb.jpg,17420,Graphic Design,Branding,Impact Lab,Ro Chen,https://www.indigoaward.com/winners/competition/2020,2026-09-02T23:35:37
Indigo,2020,Indigo_2020_16_f073d7dc_98fad2ff24124c1a138d5f6b98afb1b9.jpg,https://indigoawards.s3.amazonaws.com/cache/cover/3350/image/98fad2ff24124c1a138d5f6b98afb1b9.jpg,2445279,Graphic Design,Branding,Peace & Presence Well-being,Lisa Winstanley,https://www.indigoaward.com/winners/competition/2020,2026-09-02T23:35:41
Indigo,2020,Indigo_2020_17_cdda5bc9_6c15dd233b942f8d43f064b2e67438b7.jpg,https://indigoawards.s3.amazonaws.com/cache/cover/3587/image/6c15dd233b942f8d43f064b2e67438b7.jpg,3300819,Graphic Design,Branding,Digital Design Days - Rebranding,Marco Molteni,https://www.indigoaward.com/winners/competition/2020,2026-09-02T23:35:46
Indigo,2020,Indigo_2020_18_236d62e3_235234a64f3b113a2b75f0b0e28b4e22.jpg,https://indigoawards.s3.amazonaws.com/cache/cover/3782/image/235234a64f3b113a2b75f0b0e28b4e22.jpg,1869379,Graphic Design,Branding,Hillside Re-branding,Francisco Arrieta,https://www.indigoaward.com/winners/competition/2020,2026-09-02T23:35:52
