src,out,src_sha1,orig_w,orig_h,content_w,content_h,scale,canvas,content_max,grayscale,binarize,bg,kind
图包/中文奖项/GDC\2021\GDC_2021_01_19abcb28_16b15f13e1fb33c8621077ed4dc4edc1.webp,标准化输出/logo/GDC\2021\GDC_2021_01_19abcb28_16b15f13e1fb33c8621077ed4dc4edc1.png,852d51177b93,885,1080,698,922,0.4859,512,448,True,False,255,logo
图包/中文奖项/GDC\2021\GDC_2021_01_23e135f2_2878b47a274c8307e4ce4b1a5d0bc788.webp,标准化输出/logo/GDC\2021\GDC_2021_01_23e135f2_2878b47a274c8307e4ce4b1a5d0bc788.png,8bcf591a38e6,1060,749,892,571,0.5022,512,448,True,False,255,logo
图包/中文奖项/GDC\2021\GDC_2021_01_2b3109e8_bd96632db238b11c9fe0a76aee07614c.webp,标准化输出/logo/GDC\2021\GDC_2021_01_2b3109e8_bd96632db238b11c9fe0a76aee07614c.png,345251f0224b,764,1080,764,1080,0.4148,512,448,True,False,255,logo
图包/中文奖项/GDC\2021\GDC_2021_01_3394538a_0a54346aee41449f5ca4e9cc12785962.webp,标准化输出/logo/GDC\2021\GDC_2021_01_3394538a_0a54346aee41449f5ca4e9cc12785962.png,71be816b4922,790,1080,692,1012,0.4427,512,448,True,False,255,logo
图包/中文奖项/GDC\2021\GDC_2021_01_6a3e769f_0059f101780411b27b9f2fc513951883.webp,标准化输出/logo/GDC\2021\GDC_2021_01_6a3e769f_0059f101780411b27b9f2fc513951883.png,a6abd10e8d8a,764,1080,622,948,0.4726,512,448,True,False,255,logo
图包/中文奖项/GDC\2021\GDC_2021_01_75c3c897_a2c607f195d42c8e774ebdd64a4d6c13.webp,标准化输出/logo/GDC\2021\GDC_2021_01_75c3c897_a2c607f195d42c8e774ebdd64a4d6c13.png,be984ae7087f,756,1080,694,993,0.4512,512,448,True,False,255,logo
图包/中文奖项/GDC\2021\GDC_2021_01_becc4c87_00ca017ceac32d228857a223cd453903.webp,标准化输出/logo/GDC\2021\GDC_2021_01_becc4c87_00ca017ceac32d228857a223cd453903.png,5bd577acf724,1060,749,980,645,0.4571,512,448,True,False,255,logo
图包/中文奖项/GDC\2021\GDC_2021_01_f6a6e852_1ca0485aef86434377c5cca51be3e5cd.webp,标准化输出/logo/GDC\2021\GDC_2021_01_f6a6e852_1ca0485aef86434377c5cca51be3e5cd.png,79d001dd9427,1060,749,954,649,0.4696,512,448,True,False,255,logo
图包/中文奖项/GDC\2021\GDC_2021_01_fc8ff8e7_21c2d2ab5ca0300b2a036d34600ff4dc.webp,标准化输出/logo/GDC\2021\GDC_2021_01_fc8ff8e7_21c2d2ab5ca0300b2a036d34600ff4dc.png,18273f5ffa77,1060,749,662,545,0.6767,512,448,True,False,255,logo
图包/中文奖项/GDC\2021\GDC_2021_02_571bf314_b7481c29ea7b6c7a5fed785f33ccfd44.webp,标准化输出/logo/GDC\2021\GDC_2021_02_571bf314_b7481c29ea7b6c7a5fed785f33ccfd44.png,6beabb4f36ff,756,1080,737,1035,0.4329,512,448,True,False,255,logo
图包/中文奖项/GDC\2021\GDC_2021_02_572201f0_174b05563eaf6f0d9de7404baf68df1c.webp,标准化输出/logo/GDC\2021\GDC_2021_02_572201f0_174b05563eaf6f0d9de7404baf68df1c.png,4cf9d43de6f2,764,1080,629,941,0.4761,512,448,True,False,255,logo
图包/中文奖项/GDC\2021\GDC_2021_02_6c93df5b_2e48d9c3be772cf424c3d74a0b745d22.webp,标准化输出/logo/GDC\2021\GDC_2021_02_6c93df5b_2e48d9c3be772cf424c3d74a0b745d22.png,8f72d92b1663,1060,749,1060,749,0.4226,512,448,True,False,255,logo
图包/中文奖项/GDC\2021\GDC_2021_02_763d53c3_3a12b1ad16f528a234415cd8f915fc82.webp,标准化输出/logo/GDC\2021\GDC_2021_02_763d53c3_3a12b1ad16f528a234415cd8f915fc82.png,d083669f8f22,759,1080,671,924,0.4848,512,448,True,False,255,logo
图包/中文奖项/GDC\2021\GDC_2021_02_911c365c_5c659fe4d88e187f39983e2ef7604cdc.webp,标准化输出/logo/GDC\2021\GDC_2021_02_911c365c_5c659fe4d88e187f39983e2ef7604cdc.png,722124f93ab3,1060,749,452,408,0.9912,512,448,True,False,255,logo
图包/中文奖项/GDC\2021\GDC_2021_02_b04f0394_72602c62b7362d1f0165ec0b5f535a90.webp,标准化输出/logo/GDC\2021\GDC_2021_02_b04f0394_72602c62b7362d1f0165ec0b5f535a90.png,a2cc0b4d1ee0,1060,749,791,649,0.5664,512,448,True,False,255,logo
图包/中文奖项/GDC\2021\GDC_2021_02_bd405456_d38cb812bd5f00d316df4311c634486f.webp,标准化输出/logo/GDC\2021\GDC_2021_02_bd405456_d38cb812bd5f00d316df4311c634486f.png,29a9958d007f,764,1080,764,1080,0.4148,512,448,True,False,255,logo
图包/中文奖项/GDC\2021\GDC_2021_02_bf54861a_2265f823672eed20f23d7aa41b1394c4.webp,标准化输出/logo/GDC\2021\GDC_2021_02_bf54861a_2265f823672eed20f23d7aa41b1394c4.png,8565f0ad9d90,1060,749,950,483,0.4716,512,448,True,False,255,logo
图包/中文奖项/GDC\2021\GDC_2021_02_e21e6780_04acb5a79b07710f3066ad2f1b4c286c.webp,标准化输出/logo/GDC\2021\GDC_2021_02_e21e6780_04acb5a79b07710f3066ad2f1b4c286c.png,624149e764c1,1060,749,938,708,0.4776,512,448,True,False,255,logo
图包/中文奖项/GDC\2023\GDC_2023_01_122741ad_05d00456b9c2aa81d4fed78cdf17c041.webp,标准化输出/logo/GDC\2023\GDC_2023_01_122741ad_05d00456b9c2aa81d4fed78cdf17c041.png,e0fd352acaad,1060,1498,1060,1441,0.3109,512,448,True,False,255,logo
图包/中文奖项/GDC\2023\GDC_2023_01_257939e4_76691c2e6c9bab1760174aeec3c790c7.webp,标准化输出/logo/GDC\2023\GDC_2023_01_257939e4_76691c2e6c9bab1760174aeec3c790c7.png,0ff35cad46f5,1060,1499,936,1387,0.323,512,448,True,False,255,logo
图包/中文奖项/GDC\2023\GDC_2023_01_46f64a8f_3b13ff61818b6ffdb7a4d1e47c57ae41.webp,标准化输出/logo/GDC\2023\GDC_2023_01_46f64a8f_3b13ff61818b6ffdb7a4d1e47c57ae41.png,b287d8669870,1060,1499,1060,1499,0.2989,512,448,True,False,255,logo
图包/中文奖项/GDC\2023\GDC_2023_01_9bd16934_07867b0490332874b26414e88259807e.webp,标准化输出/logo/GDC\2023\GDC_2023_01_9bd16934_07867b0490332874b26414e88259807e.png,82eebbdaf791,1060,749,909,589,0.4928,512,448,True,False,255,logo
图包/中文奖项/GDC\2023\GDC_2023_01_b764a427_06e7875845a74b2398bbe37491c71aba.webp,标准化输出/logo/GDC\2023\GDC_2023_01_b764a427_06e7875845a74b2398bbe37491c71aba.png,59c8339aa2a7,1060,749,1060,749,0.4226,512,448,True,False,255,logo
图包/中文奖项/GDC\2023\GDC_2023_01_cd792664_00fedb0f076b778bf3fb6677de8b4e37.webp,标准化输出/logo/GDC\2023\GDC_2023_01_cd792664_00fedb0f076b778bf3fb6677de8b4e37.png,8645bbf45eb8,1060,742,961,658,0.4662,512,448,True,False,255,logo
图包/中文奖项/GDC\2023\GDC_2023_02_16adb53a_06d24b3bd60dbc8397c8756fb064ba67.webp,标准化输出/logo/GDC\2023\GDC_2023_02_16adb53a_06d24b3bd60dbc8397c8756fb064ba67.png,3f8b2e92c8c7,1060,749,1011,689,0.4431,512,448,True,False,255,logo
图包/中文奖项/GDC\2023\GDC_2023_02_361042dd_44c5707284913aeb2668a8737ff4fb67.webp,标准化输出/logo/GDC\2023\GDC_2023_02_361042dd_44c5707284913aeb2668a8737ff4fb67.png,72165445d8fe,1060,1499,1035,1465,0.3058,512,448,True,False,255,logo
图包/中文奖项/GDC\2023\GDC_2023_02_7bbc7e9a_be3933fec8b2f5e3372343bc8e7b81c7.webp,标准化输出/logo/GDC\2023\GDC_2023_02_7bbc7e9a_be3933fec8b2f5e3372343bc8e7b81c7.png,9f2f48d90d2e,1060,1499,965,1395,0.3211,512,448,True,False,255,logo
图包/中文奖项/GDC\2023\GDC_2023_02_82374636_39a4a99377c813cd79c5b23856bc76ac.webp,标准化输出/logo/GDC\2023\GDC_2023_02_82374636_39a4a99377c813cd79c5b23856bc76ac.png,0e926d6ec9e7,1060,749,895,612,0.5006,512,448,True,False,255,logo
图包/中文奖项/GDC\2023\GDC_2023_02_b6700236_1578b34cd2ac7842a2c81cbf11ddf114.webp,标准化输出/logo/GDC\2023\GDC_2023_02_b6700236_1578b34cd2ac7842a2c81cbf11ddf114.png,b2b2fc5a9071,1060,1498,1060,1484,0.3019,512,448,True,False,255,logo
图包/中文奖项/GDC\2023\GDC_2023_02_baf72253_2ad3eacee6128fa0a80389c5e5a147e6.webp,标准化输出/logo/GDC\2023\GDC_2023_02_baf72253_2ad3eacee6128fa0a80389c5e5a147e6.png,231d2578d6e9,1060,749,841,622,0.5327,512,448,True,False,255,logo
图包/中文奖项/GDC\2023\GDC_2023_02_c581dd20_2e58bb0332756d6e0e0f0824fb9359be.webp,标准化输出/logo/GDC\2023\GDC_2023_02_c581dd20_2e58bb0332756d6e0e0f0824fb9359be.png,5584a8b6153b,1060,596,1052,596,0.4259,512,448,True,False,255,logo
图包/中文奖项/GDC\2025\GDC_2025_01_1536_27165-hwusUNxkPjkF02le4RS7HcGOLn9FtoLGyYchEBPCVCS3fppU.png,标准化输出/logo/GDC\2025\GDC_2025_01_1536_27165-hwusUNxkPjkF02le4RS7HcGOLn9FtoLGyYchEBPCVCS3fppU.png,5da4b907e6e7,2756,1720,2756,1720,0.1626,512,448,True,False,255,logo
图包/中文奖项/GDC\2025\GDC_2025_02_1534_25416-o4C2T7iYxT4KRDj1nZTPDNMir39fcjllAYAelv2LZhfH5px2.jpg,标准化输出/logo/GDC\2025\GDC_2025_02_1534_25416-o4C2T7iYxT4KRDj1nZTPDNMir39fcjllAYAelv2LZhfH5px2.png,699c33a8f742,7974,5315,7974,5315,0.0562,512,448,True,False,255,logo
图包/中文奖项/GDC\2025\GDC_2025_03_1533_23351-1j6j0UqvWxHJcowkUjBWGHiKaCWpeqUPlkiITSUL9AlQp95d.jpg,标准化输出/logo/GDC\2025\GDC_2025_03_1533_23351-1j6j0UqvWxHJcowkUjBWGHiKaCWpeqUPlkiITSUL9AlQp95d.png,95a87ed38c7a,3508,2480,3405,2307,0.1316,512,448,True,False,255,logo
图包/中文奖项/GDC\2025\GDC_2025_04_1316_25189-Z2HXv3lBDfIumsUg6YkrjqxFUIJ6TjhBfnuOjrabUBeuidwv.jpg,标准化输出/logo/GDC\2025\GDC_2025_04_1316_25189-Z2HXv3lBDfIumsUg6YkrjqxFUIJ6TjhBfnuOjrabUBeuidwv.png,21d27e3e55f0,5906,4429,5906,4429,0.0759,512,448,True,False,255,logo
图包/中文奖项/GDC\2025\GDC_2025_05_1315_21637-WOuuBZkseNBxYxqAhlivss0QEUHwdXoVMhHNV6h1RJwRoeVZ.jpg,标准化输出/logo/GDC\2025\GDC_2025_05_1315_21637-WOuuBZkseNBxYxqAhlivss0QEUHwdXoVMhHNV6h1RJwRoeVZ.png,0c97d34da0e3,1620,1080,1620,1080,0.2765,512,448,True,False,255,logo
图包/中文奖项/GDC\2025\GDC_2025_06_1276_24228-moxOMP41yRVLWIcyogNf72DT1s3dkpku9MkZV4jblXyEu16Q.jpg,标准化输出/logo/GDC\2025\GDC_2025_06_1276_24228-moxOMP41yRVLWIcyogNf72DT1s3dkpku9MkZV4jblXyEu16Q.png,8b48794e2c7f,3000,2000,3000,2000,0.1493,512,448,True,False,255,logo
图包/中文奖项/GDC\2025\GDC_2025_07_1275_27005-rfR35ARdjpeLgafDfgmrap0hIyvDdlr9OHyZgGbmA31L6QeO.jpg,标准化输出/logo/GDC\2025\GDC_2025_07_1275_27005-rfR35ARdjpeLgafDfgmrap0hIyvDdlr9OHyZgGbmA31L6QeO.png,e160952744ba,1200,1698,1200,1698,0.2638,512,448,True,False,255,logo
图包/中文奖项/GDC\2025\GDC_2025_08_1274_22558-amtRXkDHOC1lL8IqcBwrMxDr0OlCBuyWpNwwb9qAPpolJWH8.jpg,标准化输出/logo/GDC\2025\GDC_2025_08_1274_22558-amtRXkDHOC1lL8IqcBwrMxDr0OlCBuyWpNwwb9qAPpolJWH8.png,5a1c1f9b2a22,4000,2668,3312,2583,0.1353,512,448,True,False,255,logo
图包/中文奖项/GDC\2025\GDC_2025_09_1273_24244-3xNuyxIHye7cSgjOjvX4dKscfPmh2S4XRZf8miDfYr0jZjNS.jpg,标准化输出/logo/GDC\2025\GDC_2025_09_1273_24244-3xNuyxIHye7cSgjOjvX4dKscfPmh2S4XRZf8miDfYr0jZjNS.png,904b1b141655,14999,10998,14999,10998,0.0299,512,448,True,False,255,logo
图包/中文奖项/GDC\2025\GDC_2025_10_1272_23701-OCH15UYAjIDrpBkANdmI3sfHG1IKv3tiENxQ2TvhlW5Goek5.jpg,标准化输出/logo/GDC\2025\GDC_2025_10_1272_23701-OCH15UYAjIDrpBkANdmI3sfHG1IKv3tiENxQ2TvhlW5Goek5.png,502df9f12e98,4134,5906,3913,5731,0.0782,512,448,True,False,255,logo
图包/中文奖项/GDC\2025\GDC_2025_11_1271_26193-NbsJD6TF2P9QZdSORm4wxIx0cduVpdCkCeVSFsYJcmjKb2tE.jpg,标准化输出/logo/GDC\2025\GDC_2025_11_1271_26193-NbsJD6TF2P9QZdSORm4wxIx0cduVpdCkCeVSFsYJcmjKb2tE.png,3378ab74b005,3648,5472,3648,5035,0.089,512,448,True,False,255,logo
图包/中文奖项/GDC\2025\GDC_2025_12_1270_27073-XBbpCktrvcbkgYVwcZrLIpB3sMCu84MGqNwoxhqHnHGRsOH7.jpg,标准化输出/logo/GDC\2025\GDC_2025_12_1270_27073-XBbpCktrvcbkgYVwcZrLIpB3sMCu84MGqNwoxhqHnHGRsOH7.png,710d2f91fdb4,2220,2220,2180,1920,0.2055,512,448,True,False,255,logo
图包/中文奖项/GDC\2025\GDC_2025_13_1532_26493-NL0QAYYLyV5GXCnJnZyIwYR4xT8Xxq9eXZIjoe8tvejOHnOi.jpg,标准化输出/logo/GDC\2025\GDC_2025_13_1532_26493-NL0QAYYLyV5GXCnJnZyIwYR4xT8Xxq9eXZIjoe8tvejOHnOi.png,84c718367bd8,2500,3571,2393,3484,0.1286,512,448,True,False,255,logo
图包/中文奖项/GDC\2025\GDC_2025_14_1531_24343-dANJcTGQf85gPrZS94SR8cZYYEuF5TAxBDW0orCpBNguIvP1.jpg,标准化输出/logo/GDC\2025\GDC_2025_14_1531_24343-dANJcTGQf85gPrZS94SR8cZYYEuF5TAxBDW0orCpBNguIvP1.png,9149cbd38d73,1754,2481,1754,2481,0.1806,512,448,True,False,255,logo
图包/中文奖项/GDC\2025\GDC_2025_15_1530_22856-GNtxCOtd3ABfqGhKq4XuJqFmFhhpiqQEjfQtE6P9qNOijOmV.jpg,标准化输出/logo/GDC\2025\GDC_2025_15_1530_22856-GNtxCOtd3ABfqGhKq4XuJqFmFhhpiqQEjfQtE6P9qNOijOmV.png,a091ebb8b285,4368,1322,3779,883,0.1185,512,448,True,False,255,logo
