asset_id,asset_path,source_id,work_id,candidate_kind,rights_tier,automated_qc_status,automated_suggestion,width_px,height_px,human_decision,curation_status,target_bbox_json,target_polygon_json,reviewer_id,reviewed_at,exclusion_codes,notes
asset_0026723f4bbb68b8cd9c6c5c,图包与字体包/图包/国际奖项/WOLDA/2021/WOLDA_2021_02_6d61e686_12th-WOLDA-Cat-71-1.jpg,source_29f64f0a15da4e8f6cc4ebf1,work_29f64f0a15da4e8f6cc4ebf1,ecological_award_image,blocked_unknown,needs_review,project_board_or_poster,1240,874,,,,,,,,
asset_01ae03712957ffb3634958a3,图包与字体包/图包/中文奖项/GDC/2021/GDC_2021_01_23e135f2_2878b47a274c8307e4ce4b1a5d0bc788.webp,source_3ce06de75ac731cede7024d8,work_971f3b86455c38b1da692c18,ecological_award_image,blocked_unknown,needs_review,uncertain,1060,749,,,,,,,,
asset_02032e3cde2cc72b71c9468b,图包与字体包/图包/国际奖项/WOLDA/2022/WOLDA_2022_01_5cfa08d7_0012thWOLDA1.jpg,source_e577212ddb32bd3e2a8eb98f,work_e577212ddb32bd3e2a8eb98f,ecological_award_image,blocked_unknown,needs_review,duplicate_exact,1240,874,,,,,,,,
asset_0213ab47c1dc715869db0a76,图包与字体包/图包/国际奖项/Indigo/2020/Indigo_2020_17_cdda5bc9_6c15dd233b942f8d43f064b2e67438b7.jpg,source_5ce733e61fd8a2dbdb35b788,work_48db4e6ab3eac70164349a16,ecological_award_image,blocked_unknown,failed,uncertain,12618,9325,,,,,,,,
asset_02228e730e161d724db3ec73,图包与字体包/图包/国际奖项/Indigo/2023/Indigo_2023_02_30fccc73_midsize-1a69d3d097f6094c75a63d8151e4d33e.jpg,source_ab111097ef85811febf8ca4c,work_88b2f6d71cf8e3eacf2d522a,ecological_award_image,blocked_unknown,needs_review,uncertain,600,338,,,,,,,,
asset_0225496d94bc2aece30e30e4,图包与字体包/图包/中文奖项/DFA/2023/DFA_2023_09_55e1e67d_application_20231024_kFFHl.jpg,source_1f7d6b9d181569ac03d15797,work_5290a003b1acfe7e8cb4355f,ecological_award_image,blocked_unknown,needs_review,uncertain,4960,3307,,,,,,,,
asset_028e55fc2e7013f83145a2d6,图包与字体包/图包/国际奖项/WOLDA/2024/WOLDA_2024_09_8d83c0ce_16-WOLDA-Results-Cat-225.jpg,source_ec7ff44c7a7cfcd585a0db89,work_ec7ff44c7a7cfcd585a0db89,ecological_award_image,blocked_unknown,needs_review,project_board_or_poster,1276,1276,,,,,,,,
asset_02febd74f3f67b3a501f86ee,图包与字体包/图包/国际奖项/Indigo/2023/Indigo_2023_17_be15dda2_midsize-d608c214f5ad61eb85176016b576a793.jpeg,source_a4fc1a6c65e75652e63c4d0d,work_b004f540b5985d42e816da0d,ecological_award_image,blocked_unknown,needs_review,uncertain,600,600,,,,,,,,
asset_03acaebc40349a90e2f22407,图包与字体包/图包/中文奖项/Golden Pin/2022/GoldenPin_2022_03_d8614abb_259440e193294a2fb5e21d5702daaf51.jpg,source_bcda1f25505761b822f35730,work_55d45db297e4a073ccc097e0,ecological_award_image,blocked_unknown,needs_review,uncertain,3277,3960,,,,,,,,
asset_0496265f310bd11524d9334c,图包与字体包/图包/国际奖项/Indigo/2024/Indigo_2024_10_d4b76ffc_tWFBnpH1r2e6re7sENZ77rBU.png,source_c65a76727f5322ed53062504,work_197652473ebea659970a29cd,ecological_award_image,blocked_unknown,needs_review,uncertain,1080,600,,,,,,,,
asset_04c3d9e1ebd703c33238c731,图包与字体包/图包/国际奖项/WOLDA/2021/WOLDA_2021_07_1d152cc3_13-WOLDA-Cat-212.jpg,source_e649747eb2f87ecc9b6d1df0,work_e649747eb2f87ecc9b6d1df0,ecological_award_image,blocked_unknown,needs_review,project_board_or_poster,1240,874,,,,,,,,
asset_051ed9e791ebdae7cb12ddeb,图包与字体包/图包/国际奖项/WOLDA/2020/WOLDA_2020_18_1bc91ba0_12th-WOLDA-Cat-223.jpg,source_0bbad7b30bb25318975c5765,work_0bbad7b30bb25318975c5765,ecological_award_image,blocked_unknown,needs_review,project_board_or_poster,1240,874,,,,,,,,
asset_052501e8d31353b0b07fa45d,图包与字体包/图包/中文奖项/Golden Pin/2023/GoldenPin_2023_07_af38eb84_image_40ba47.jpeg,source_255d97eb910f410f577d6e9b,work_1cbe402f4a693e9e4c7f4ef6,ecological_award_image,blocked_unknown,needs_review,uncertain,3508,2480,,,,,,,,
asset_057221caf05010be4d54571a,图包与字体包/图包/中文奖项/DFA/2021/DFA_2021_14_bd28f3fe_application_20211015_mZnQw.jpg,source_55edfc8a487099c11286c040,work_1ff70af36a6cff6f8ce7d8f9,ecological_award_image,blocked_unknown,needs_review,uncertain,7523,4568,,,,,,,,
asset_072864343b2fd8e9cdc2d0dd,图包与字体包/图包/国际奖项/WOLDA/2024/WOLDA_2024_12_339140be_16-WOLDA-Results-Cat-231.jpg,source_b30cac170cf88d43b34d6f39,work_b30cac170cf88d43b34d6f39,ecological_award_image,blocked_unknown,needs_review,project_board_or_poster,1276,1276,,,,,,,,
asset_07b609b88053dec18c0c5833,图包与字体包/图包/中文奖项/GDC/2025/GDC_2025_09_1273_24244-3xNuyxIHye7cSgjOjvX4dKscfPmh2S4XRZf8miDfYr0jZjNS.jpg,source_62e400d0b47a3ac93412b984,work_c2e16fbbd362843b247f428f,ecological_award_image,blocked_unknown,failed,uncertain,14999,10998,,,,,,,,
asset_083267fac3439efda40e1fbc,图包与字体包/图包/中文奖项/GDC/2021/GDC_2021_01_becc4c87_00ca017ceac32d228857a223cd453903.webp,source_0064000eca0cfa16aeb149a0,work_b237988fa4dae20aa64c7d7b,ecological_award_image,blocked_unknown,needs_review,uncertain,1060,749,,,,,,,,
asset_0929acbf30533d0e64fbc7ba,图包与字体包/图包/中文奖项/DFA/2022/DFA_2022_09_756f94cc_application_20220926_Tvye2.jpg,source_47af4afbd15d59d49794e87e,work_bf47e9e4b9f08ac8c40c4845,ecological_award_image,blocked_unknown,needs_review,uncertain,1698,2400,,,,,,,,
asset_09813d2ab985e3fd29a94cd1,图包与字体包/图包/国际奖项/WOLDA/2022/WOLDA_2022_14_cf55c885_14-WOLDA-Results-Cat-22.jpg,source_8646b57e56381222d9869b2e,work_8646b57e56381222d9869b2e,ecological_award_image,blocked_unknown,needs_review,project_board_or_poster,1240,874,,,,,,,,
asset_0b28f7cbe39a0450f43367ff,图包与字体包/图包/国际奖项/WOLDA/2020/WOLDA_2020_05_57f07f61_12th-WOLDA-Cat-211.jpg,source_fe30c05446e4c6300eff508d,work_fe30c05446e4c6300eff508d,ecological_award_image,blocked_unknown,needs_review,project_board_or_poster,1240,874,,,,,,,,
asset_0bb658dd0a7a520218d56a92,图包与字体包/图包/国际奖项/WOLDA/2023/WOLDA_2023_02_86f708c6_13-WOLDA-Call-for-Entries.jpg,source_93aa5c860044e7db946e749d,work_93aa5c860044e7db946e749d,ecological_award_image,blocked_unknown,needs_review,duplicate_exact,1240,874,,,,,,,,
asset_0bfbc5135626be028485f060,图包与字体包/图包/国际奖项/Indigo/2023/Indigo_2023_13_eccad1fc_midsize-469492e902ce0839ac620a98cca831b7.png,source_55d1ff4cddb254661bd47059,work_f9d3f9ce810655ddf8ed67be,ecological_award_image,blocked_unknown,needs_review,uncertain,600,344,,,,,,,,
asset_0e7912561d918656f540313a,图包与字体包/图包/中文奖项/DFA/2020/DFA_2020_12_30b05d2a_application_20201016_QpAYn.jpg,source_57f3a3e8573a969ed35680f6,work_ab4c633af670d36e80e42b09,ecological_award_image,blocked_unknown,needs_review,uncertain,2400,1600,,,,,,,,
asset_0ecf37f98aa0e5f83af8b6e1,图包与字体包/图包/国际奖项/WOLDA/2020/WOLDA_2020_04_5cfe5f7f_12th-WOLDA-Cat-210.jpg,source_de748b6bf1c0176d84f9ebd9,work_de748b6bf1c0176d84f9ebd9,ecological_award_image,blocked_unknown,needs_review,project_board_or_poster,1240,874,,,,,,,,
asset_0f3cb8ce0ac4faafa334a69e,图包与字体包/图包/中文奖项/Golden Pin/2024/GoldenPin_2024_08_558c6e46_image_a6225b.jpeg,source_511ba89247e7a68acd2e0b3f,work_38f7da1d44099e7ad6195886,ecological_award_image,blocked_unknown,needs_review,uncertain,1920,1080,,,,,,,,
asset_0fdd39bea095ad7169f1a44f,图包与字体包/图包/中文奖项/GDC/2025/GDC_2025_13_1532_26493-NL0QAYYLyV5GXCnJnZyIwYR4xT8Xxq9eXZIjoe8tvejOHnOi.jpg,source_89d4ba1adf65cb3e5e9bb74f,work_c3a26a5522f276461a361eb4,ecological_award_image,blocked_unknown,needs_review,uncertain,2500,3571,,,,,,,,
asset_10ab1f521aae88298cdf7c3d,图包与字体包/图包/中文奖项/Golden Pin/2025/GoldenPin_2025_04_67e2d7c1_image_252fe1.jpeg,source_0865e05da5faed49e67d2d33,work_2632f89ae8ca631f2d554f7c,ecological_award_image,blocked_unknown,needs_review,uncertain,2800,2100,,,,,,,,
asset_130aa1cfc05436040b984f62,图包与字体包/图包/中文奖项/DFA/2020/DFA_2020_11_dc47d4fd_application_20201016_at4NR.jpg,source_5a9452305714ebcc68b00251,work_2c77d2064efaa061ad31641e,ecological_award_image,blocked_unknown,needs_review,uncertain,3646,2653,,,,,,,,
asset_14e2a397169c284fbb3b8a5a,图包与字体包/图包/中文奖项/DFA/2020/DFA_2020_05_0cedef0a_application_20201016_k2EUk.jpg,source_be8588180add4645641346ed,work_a9f18155fa2b0d36cc869234,ecological_award_image,blocked_unknown,needs_review,uncertain,2400,1350,,,,,,,,
asset_15c738e82260e2b99953795b,图包与字体包/图包/中文奖项/DFA/2022/DFA_2022_08_427a8e70_application_20220926_NBPws.jpg,source_742270a34a94d0e1af4c2edf,work_f208af8ac20682cd4fd2ae01,ecological_award_image,blocked_unknown,needs_review,uncertain,2400,1600,,,,,,,,
asset_160510ff1c1f643958ca0820,图包与字体包/图包/国际奖项/WOLDA/2023/WOLDA_2023_12_e95395ea_15-WOLDA-Cat-218.jpg,source_4bebe4ee699f14556d702116,work_4bebe4ee699f14556d702116,ecological_award_image,blocked_unknown,needs_review,project_board_or_poster,1240,874,,,,,,,,
asset_186af16777f68592669977b8,图包与字体包/图包/中文奖项/GDC/2021/GDC_2021_01_fc8ff8e7_21c2d2ab5ca0300b2a036d34600ff4dc.webp,source_bb8dc7591b4d29c7a9100ad7,work_94a36c7940dfa8f67716df51,ecological_award_image,blocked_unknown,needs_review,uncertain,1060,749,,,,,,,,
asset_191037b720d575e823db80dd,图包与字体包/图包/国际奖项/Indigo/2021/Indigo_2021_17_f44ff8ab_98549cbe5e0f0bcb8492b92130d788f3.jpg,source_a78be46512f89654bf436529,work_cbf738adeda6cc1a9fbffdac,ecological_award_image,blocked_unknown,needs_review,uncertain,4000,2250,,,,,,,,
asset_192b8c256a8a5c21c00e4ffe,图包与字体包/图包/中文奖项/Golden Pin/2023/GoldenPin_2023_12_1655b79b_image_94e96b.jpeg,source_f4390940943a6fda4429ed19,work_1ddc43b952d53d99ff90a349,ecological_award_image,blocked_unknown,needs_review,uncertain,6016,4016,,,,,,,,
asset_1a7d15397c3b72361f8c3aba,图包与字体包/图包/中文奖项/Golden Pin/2022/GoldenPin_2022_17_1d2963a8_0000cf84ea8d09b120c273fbd29dc4c9.jpg,source_057ea0150ccfcb294fe976ff,work_0a5c32ee92e7acb74b7e86b7,ecological_award_image,blocked_unknown,needs_review,uncertain,3508,2480,,,,,,,,
asset_1a7d6d05908a78b19e0c05a9,图包与字体包/图包/国际奖项/Indigo/2024/Indigo_2024_08_e1c1c9f3_xggUNcecDfbAEUK6Le6iBPvc.png,source_4eae985641ac6c56fbeb5f98,work_c76f48152ed4b8e9f5f452a4,ecological_award_image,blocked_unknown,needs_review,uncertain,1080,600,,,,,,,,
asset_1aa8a2539a8553d3c2160568,图包与字体包/图包/国际奖项/WOLDA/2023/WOLDA_2023_03_191d8bd7_15-WOLDA-Cat-21.jpg,source_ec753992256ed257c98b3321,work_ec753992256ed257c98b3321,ecological_award_image,blocked_unknown,needs_review,project_board_or_poster,1240,874,,,,,,,,
asset_1b2404f68574de6575cde386,图包与字体包/图包/中文奖项/GDC/2023/GDC_2023_01_257939e4_76691c2e6c9bab1760174aeec3c790c7.webp,source_dd0577c2396c776ebc1eaa4b,work_f886254d5f8568da08ec93dd,ecological_award_image,blocked_unknown,needs_review,uncertain,1060,1499,,,,,,,,
asset_1b3595d6e71269eef40a5a68,图包与字体包/图包/国际奖项/WOLDA/2021/WOLDA_2021_13_4c6700eb_13-WOLDA-Cat-218.jpg,source_a80944cbce93075179079ba6,work_a80944cbce93075179079ba6,ecological_award_image,blocked_unknown,needs_review,project_board_or_poster,1240,874,,,,,,,,
asset_1bb9c42f2d460f66e548712c,图包与字体包/图包/国际奖项/WOLDA/2020/WOLDA_2020_08_af4386bb_12th-WOLDA-Cat-214.jpg,source_73d8ce8c1a9850892273f5d9,work_73d8ce8c1a9850892273f5d9,ecological_award_image,blocked_unknown,needs_review,project_board_or_poster,1240,874,,,,,,,,
asset_1c118f463a2cc90ce8be39d6,图包与字体包/图包/国际奖项/WOLDA/2021/WOLDA_2021_09_b6068652_13-WOLDA-Cat-214.jpg,source_be6c836a9db052967ff677ac,work_be6c836a9db052967ff677ac,ecological_award_image,blocked_unknown,needs_review,project_board_or_poster,1240,874,,,,,,,,
asset_1cc7dda5bdef078d1eff3fca,图包与字体包/图包/中文奖项/Golden Pin/2024/GoldenPin_2024_15_f41f2fa7_image_6bdeaa.jpeg,source_d4fa249965eaf21eb2aca003,work_486c4abf89f0f84fed7615f8,ecological_award_image,blocked_unknown,needs_review,uncertain,3507,2480,,,,,,,,
asset_1d9e8532f82562dfeb539fef,图包与字体包/图包/中文奖项/GDC/2021/GDC_2021_02_572201f0_174b05563eaf6f0d9de7404baf68df1c.webp,source_a4625aac7ec787cc2162eb6f,work_5f9a2e826a494378a4a52c6b,ecological_award_image,blocked_unknown,needs_review,uncertain,764,1080,,,,,,,,
asset_1ddf5b027fa945c19441f1a2,图包与字体包/图包/中文奖项/Golden Pin/2023/GoldenPin_2023_14_14b4994f_image_a8d2e8.jpeg,source_a9b8f46b76f5d1d1d60508b9,work_264c18e12103119861c38fce,ecological_award_image,blocked_unknown,needs_review,uncertain,3508,2338,,,,,,,,
asset_1ecd75e0a6f81e1b7d08e878,图包与字体包/图包/国际奖项/Indigo/2022/Indigo_2022_12_f8b0349f_42ccf3681aadce8fbe65bf7edae3243a.jpg,source_73771631bf9ee89727a0b9c7,work_e166790359025de6cb55fa2c,ecological_award_image,blocked_unknown,needs_review,uncertain,4000,2250,,,,,,,,
asset_1f541096dbc918615b6b0c72,图包与字体包/图包/国际奖项/WOLDA/2023/WOLDA_2023_15_54872e7a_15-WOLDA-Cat-220.jpg,source_1554191bf39973719c9558fc,work_1554191bf39973719c9558fc,ecological_award_image,blocked_unknown,needs_review,project_board_or_poster,1240,874,,,,,,,,
asset_2074b72519f5a679a1393660,图包与字体包/图包/中文奖项/DFA/2020/DFA_2020_14_7e3204e6_application_20201016_qUlJt.jpg,source_a4f1c93c4472b91dd99114c5,work_087e31fe9d74d65c84765c23,ecological_award_image,blocked_unknown,needs_review,uncertain,3509,2481,,,,,,,,
asset_22af493037376f208504d6f7,图包与字体包/图包/中文奖项/GDC/2021/GDC_2021_01_6a3e769f_0059f101780411b27b9f2fc513951883.webp,source_6d1c0f68d05d87f9f2236345,work_5f9a2e826a494378a4a52c6b,ecological_award_image,blocked_unknown,needs_review,uncertain,764,1080,,,,,,,,
asset_22be1fc2fbfebb08569dfb8c,图包与字体包/图包/国际奖项/Indigo/2021/Indigo_2021_06_07d36722_638cce3e6da0a0798f1882e611502ecb.jpg,source_23ec6022f9be7f4b14a2bd0c,work_afb0812adb010510c0b14652,ecological_award_image,blocked_unknown,needs_review,uncertain,960,652,,,,,,,,
asset_22f8ffad55a50d2fd4480ecf,图包与字体包/图包/国际奖项/WOLDA/2022/WOLDA_2022_08_a6412802_14-WOLDA-Results-Cat-214.jpg,source_91e7096503f900c9a3290413,work_91e7096503f900c9a3290413,ecological_award_image,blocked_unknown,needs_review,project_board_or_poster,1240,874,,,,,,,,
asset_235aaec91b4cd396d01fe289,图包与字体包/图包/中文奖项/GDC/2025/GDC_2025_15_1530_22856-GNtxCOtd3ABfqGhKq4XuJqFmFhhpiqQEjfQtE6P9qNOijOmV.jpg,source_a88ca6e0db2f17a746ce28ba,work_59f64bf6ba36723f37eb7d80,ecological_award_image,blocked_unknown,needs_review,uncertain,4368,1322,,,,,,,,
asset_2395ca15a2207c13e2690459,图包与字体包/图包/国际奖项/WOLDA/2020/WOLDA_2020_07_6f5c13b4_12th-WOLDA-Cat-213.jpg,source_d1895fc4b4c0418724d62123,work_d1895fc4b4c0418724d62123,ecological_award_image,blocked_unknown,needs_review,project_board_or_poster,1240,874,,,,,,,,
asset_239ae052ffe0d5f2073d8b95,图包与字体包/图包/国际奖项/WOLDA/2024/WOLDA_2024_05_82130522_16-WOLDA-Results-Cat-217.jpg,source_b0808679158d7377422cadde,work_b0808679158d7377422cadde,ecological_award_image,blocked_unknown,needs_review,project_board_or_poster,1276,1276,,,,,,,,
asset_244cd0c470c73ded95119655,图包与字体包/图包/国际奖项/Indigo/2021/Indigo_2021_07_43939138_59dd318d4583a6610efee1c9503ab06f.jpg,source_3bb34e48654afcf9124d0c4e,work_ccd89b3255714c97a2414b4f,ecological_award_image,blocked_unknown,needs_review,uncertain,1200,630,,,,,,,,
asset_248ad2b26848838e7155800a,图包与字体包/图包/国际奖项/WOLDA/2022/WOLDA_2022_11_b9cd4038_14-WOLDA-Results-Cat-217.jpg,source_433172518396ffad40bf6ffe,work_433172518396ffad40bf6ffe,ecological_award_image,blocked_unknown,needs_review,project_board_or_poster,1240,874,,,,,,,,
asset_2499a07fdd4c448009dfd7ba,图包与字体包/字体包/片假名/NotoSansJP-Variable.ttf,source_font_b0f1b8b0361ee277ad1b4420,,font_file,blocked_unknown,passed,,,,,,,,,,,
asset_24c8e31f433bed0e19df3f75,图包与字体包/图包/中文奖项/DFA/2024/DFA_2024_08_82ab12f8_application_20241030_oenXm.jpg,source_791bdf333813f026d74cdfc4,work_8857d42ef0322181b4b848d2,ecological_award_image,blocked_unknown,needs_review,uncertain,5000,3581,,,,,,,,
asset_2505017a742274e71875701b,图包与字体包/图包/中文奖项/DFA/2021/DFA_2021_09_0a8867c2_application_20211011_1iLX6.JPG,source_17082ed5f75e5d38aba0cfab,work_bdb417053688247118a65609,ecological_award_image,blocked_unknown,needs_review,uncertain,5760,3840,,,,,,,,
asset_2542051cbbcdbee6b8e80af3,图包与字体包/图包/中文奖项/GDC/2025/GDC_2025_01_1536_27165-hwusUNxkPjkF02le4RS7HcGOLn9FtoLGyYchEBPCVCS3fppU.png,source_ced3357ce2e06d77944fe92d,work_f66e4055f6d466f983bcc401,ecological_award_image,blocked_unknown,needs_review,uncertain,2756,1720,,,,,,,,
asset_2562b97f509538584955a67d,图包与字体包/图包/中文奖项/GDC/2025/GDC_2025_04_1316_25189-Z2HXv3lBDfIumsUg6YkrjqxFUIJ6TjhBfnuOjrabUBeuidwv.jpg,source_057e9118d8ac14d5d4a0f713,work_f3b43a1f36f0582922294a62,ecological_award_image,blocked_unknown,needs_review,uncertain,5906,4429,,,,,,,,
asset_25ed943388356bf32f7337fa,图包与字体包/图包/国际奖项/Indigo/2023/Indigo_2023_04_66d68f3e_iZgUTQQEXCNZq68RZjLLPQEy.png,source_6a28970e056a3fd7545a24a8,work_75de85a5448386a4b627d00c,ecological_award_image,blocked_unknown,needs_review,uncertain,2880,1620,,,,,,,,
asset_2636710daf81ef7c4c30d0e5,图包与字体包/图包/国际奖项/WOLDA/2022/WOLDA_2022_10_3286721f_14-WOLDA-Results-Cat-216.jpg,source_83e12b3be1610166f6401794,work_83e12b3be1610166f6401794,ecological_award_image,blocked_unknown,needs_review,project_board_or_poster,1240,874,,,,,,,,
asset_26563cea962527b440f2c557,图包与字体包/图包/中文奖项/Golden Pin/2023/GoldenPin_2023_05_253491f4_image_a3614f.jpeg,source_8f47afab2d833cd3e98f09ce,work_ccaa198c31996c196a678b37,ecological_award_image,blocked_unknown,needs_review,uncertain,3240,2160,,,,,,,,
asset_26a7659ef6bdeb7e9242d6ca,图包与字体包/图包/国际奖项/Indigo/2023/Indigo_2023_07_c5e4929e_9aPKvPJGQELH2AwKbHU6ZwpA.jpg,source_68582c0880f828b1e7e17985,work_82ed32c0fe571b6d465b4956,ecological_award_image,blocked_unknown,needs_review,uncertain,2100,1401,,,,,,,,
asset_26eaccece3d299a349eb0136,图包与字体包/图包/国际奖项/Indigo/2024/Indigo_2024_14_ebb67b94_2ufmhhm2ohlqgstyrd2rq0e15ycs.png,source_3224ddbdac90945d9f08760b,work_fa1ad8e136d352fdad0c4266,ecological_award_image,blocked_unknown,needs_review,uncertain,1080,600,,,,,,,,
asset_279506b5ec8a359339d01ae4,图包与字体包/图包/中文奖项/DFA/2022/DFA_2022_06_b7fb1560_application_20220926_6U34U.jpg,source_c5eb55aef2e84aa18ccec1dc,work_f4d2b3db20227c371fffbe12,ecological_award_image,blocked_unknown,needs_review,uncertain,2510,1775,,,,,,,,
asset_2799831dc0bc0d25aa2039fc,图包与字体包/图包/国际奖项/WOLDA/2022/WOLDA_2022_15_f84b5e00_14-WOLDA-Results-Cat-220.jpg,source_00ecc3848546aa15baa0c17f,work_00ecc3848546aa15baa0c17f,ecological_award_image,blocked_unknown,needs_review,project_board_or_poster,1240,874,,,,,,,,
asset_288b5c286d86860a7a914eba,图包与字体包/图包/中文奖项/Golden Pin/2024/GoldenPin_2024_10_af3fe1ab_image_88094d.png,source_1f7f6281cc7dea95bd4c630a,work_5a6d94e1067de21fe3e382cb,ecological_award_image,blocked_unknown,needs_review,uncertain,2500,1406,,,,,,,,
asset_28a7fe45dd483224f1384574,图包与字体包/图包/中文奖项/GDC/2023/GDC_2023_01_9bd16934_07867b0490332874b26414e88259807e.webp,source_f1513df63ae6bef03b496f5d,work_4a8afa9f89266ecf92ff287e,ecological_award_image,blocked_unknown,needs_review,uncertain,1060,749,,,,,,,,
asset_29560950ed750bf56349dd86,图包与字体包/图包/国际奖项/WOLDA/2022/WOLDA_2022_09_13fe10ac_14-WOLDA-Results-Cat-215.jpg,source_050e4b4cfac9b63eeb4c631b,work_050e4b4cfac9b63eeb4c631b,ecological_award_image,blocked_unknown,needs_review,project_board_or_poster,1240,874,,,,,,,,
asset_296394a32828538a3fdf3bcf,图包与字体包/图包/中文奖项/Golden Pin/2025/GoldenPin_2025_10_01511b66_image_af1a63.jpeg,source_88932431236b80a88d6150f5,work_1984829a62da39e107cd75fa,ecological_award_image,blocked_unknown,needs_review,uncertain,3508,2480,,,,,,,,
asset_2a1da22bd728c4e88aa290af,图包与字体包/字体包/汉字/NotoSerifSC-Regular.otf,source_font_51b68c742e6a8054e15ffbcf,,font_file,blocked_unknown,passed,,,,,,,,,,,
asset_2ae56b3328c84819b3da16b0,图包与字体包/图包/中文奖项/GDC/2025/GDC_2025_02_1534_25416-o4C2T7iYxT4KRDj1nZTPDNMir39fcjllAYAelv2LZhfH5px2.jpg,source_f83487a3dcd16b68ea102dcf,work_3a43226e173841c85676e57b,ecological_award_image,blocked_unknown,failed,uncertain,7974,5315,,,,,,,,
asset_2ba30ca390c12ef2affa7e6a,图包与字体包/图包/中文奖项/DFA/2023/DFA_2023_05_c912e919_application_20231024_G9a49.jpg,source_6a78a93b1190148ff99108ef,work_7d0a40d58d1d4ac7fcb66316,ecological_award_image,blocked_unknown,needs_review,uncertain,4240,2832,,,,,,,,
asset_2bee5d6517a4fa43e515003f,图包与字体包/图包/中文奖项/DFA/2021/DFA_2021_13_88cd8938_application_20211011_Lc3YS.jpg,source_1bf85f29960cc6f623cbafe9,work_8b79c6bd272b3d6cfcd56536,ecological_award_image,blocked_unknown,needs_review,uncertain,2401,2401,,,,,,,,
asset_2cd7456342348410ae521d70,图包与字体包/图包/中文奖项/Golden Pin/2025/GoldenPin_2025_02_28dfccb2_image_169ba0.jpeg,source_05660fd1257bd8b285bd29e3,work_63a618314fe81e7cae0ec0b2,ecological_award_image,blocked_unknown,needs_review,uncertain,3508,2480,,,,,,,,
asset_2db29720b1dd35994d0f3273,图包与字体包/图包/中文奖项/DFA/2020/DFA_2020_01_32eeb4ca_application_20201016_V8t9f.jpg,source_a3ff11bede08aad3919eb713,work_b55e5f801be95f12e8864753,ecological_award_image,blocked_unknown,needs_review,uncertain,4000,6000,,,,,,,,
asset_2e22bd4c03f9e1f2cf0997ba,图包与字体包/图包/中文奖项/Golden Pin/2023/GoldenPin_2023_10_c07978e8_image_6c1db7.jpeg,source_c0b3a86791f5124476723eee,work_abd6684b7c5cb17b00556e0a,ecological_award_image,blocked_unknown,needs_review,uncertain,4500,2498,,,,,,,,
asset_2ebb0885c63b3990f5b64c63,图包与字体包/图包/国际奖项/WOLDA/2024/WOLDA_2024_11_7a53fa32_16-WOLDA-Results-Cat-229.jpg,source_7e6b1d619b677557e252ba47,work_7e6b1d619b677557e252ba47,ecological_award_image,blocked_unknown,needs_review,project_board_or_poster,1276,1276,,,,,,,,
asset_302051d2f162a3097a1c1ea0,图包与字体包/图包/国际奖项/WOLDA/2023/WOLDA_2023_08_7388da58_15-WOLDA-Cat-214.jpg,source_ef9bce860ca8d5e36da27aee,work_ef9bce860ca8d5e36da27aee,ecological_award_image,blocked_unknown,needs_review,project_board_or_poster,1240,874,,,,,,,,
asset_308a67374f93987e511eda43,图包与字体包/图包/中文奖项/Golden Pin/2022/GoldenPin_2022_12_87433597_1f9c1ddaa2605ef7bbd2715b221d5df3.jpg,source_a7d187fa4708671008d3b3c6,work_e0d0aa50f46f1d52d08b4c6c,ecological_award_image,blocked_unknown,needs_review,uncertain,6240,4160,,,,,,,,
asset_31d9eae6babfcd1d3dffb556,图包与字体包/图包/中文奖项/Golden Pin/2023/GoldenPin_2023_15_a70fd585_image_ac3292.jpeg,source_819dbdd9ae68ece5eae653f7,work_e654c969e463221319452363,ecological_award_image,blocked_unknown,needs_review,uncertain,2923,2067,,,,,,,,
asset_31ec8b8a2dfbda7cb0a45652,图包与字体包/图包/国际奖项/Indigo/2020/Indigo_2020_16_f073d7dc_98fad2ff24124c1a138d5f6b98afb1b9.jpg,source_9881d825388ece4d2b6437e4,work_bf5dd984cc9afc9bd28d5b1e,ecological_award_image,blocked_unknown,needs_review,uncertain,3600,2545,,,,,,,,
asset_3209edfd64e2d11b7438bde2,图包与字体包/图包/中文奖项/GDC/2021/GDC_2021_02_bd405456_d38cb812bd5f00d316df4311c634486f.webp,source_76de8a7f40a160c4c7069f24,work_4a167d35d7c16b24376a3442,ecological_award_image,blocked_unknown,needs_review,uncertain,764,1080,,,,,,,,
asset_3263c659141c6dffa83adbdd,图包与字体包/图包/中文奖项/DFA/2023/DFA_2023_16_58370ec3_application_20231027_NUK1E.jpg,source_0761e8fde36ea7321f608de2,work_4758463b295cc073bba1290e,ecological_award_image,blocked_unknown,needs_review,uncertain,7889,4292,,,,,,,,
asset_330291e3d3d12dcdb6ebf044,图包与字体包/图包/中文奖项/DFA/2024/DFA_2024_03_9c215fc2_application_20241030_qOL8R.jpg,source_19a0ae51e8b283cbc852211d,work_6c74ec981badf9c4a4fd0d81,ecological_award_image,blocked_unknown,needs_review,uncertain,4317,3120,,,,,,,,
asset_336e1d4805f750b8a7d91b84,图包与字体包/图包/中文奖项/Golden Pin/2025/GoldenPin_2025_05_c129c4b2_image_436ed9.jpeg,source_3c755a589801e96cb85b63d3,work_e6ea7c55e09defc535ffe425,ecological_award_image,blocked_unknown,needs_review,uncertain,4000,2840,,,,,,,,
asset_33ef2e1080b740af6bda00eb,图包与字体包/图包/国际奖项/Indigo/2020/Indigo_2020_14_c9be75eb_d71fda941d5fa956170bdaf817c1f195.jpg,source_f842cdff849f311c9f1cc887,work_23a3b817406382cb8a7b8b92,ecological_award_image,blocked_unknown,needs_review,uncertain,1584,1008,,,,,,,,
asset_36313bf5667a029447345cd6,图包与字体包/图包/中文奖项/DFA/2024/DFA_2024_02_816ea828_application_20241030_reaCt.jpg,source_064e6e8bfbc9868d73768538,work_19246a24b562128c2f092595,ecological_award_image,blocked_unknown,needs_review,uncertain,2400,3394,,,,,,,,
asset_36a112f823a99f0f775199fd,图包与字体包/图包/国际奖项/WOLDA/2020/WOLDA_2020_16_acf0201b_12th-WOLDA-Cat-221.jpg,source_6afe41ba1dae2701516df632,work_6afe41ba1dae2701516df632,ecological_award_image,blocked_unknown,needs_review,project_board_or_poster,1240,874,,,,,,,,
asset_389c4202431d8fc0199e4795,图包与字体包/图包/中文奖项/Golden Pin/2022/GoldenPin_2022_14_75414269_1c7e862f8f888e82b0c6044d28e87330.jpg,source_162624b7a3807b3c534e3eb3,work_93c75aff0d0d9675f777ae78,ecological_award_image,blocked_unknown,needs_review,uncertain,1900,2850,,,,,,,,
asset_39b6e0988838475d66187c80,图包与字体包/图包/国际奖项/WOLDA/2021/WOLDA_2021_17_f1a080be_13-WOLDA-Cat-221.jpg,source_c8102dbdc04a073f05aa2dcf,work_c8102dbdc04a073f05aa2dcf,ecological_award_image,blocked_unknown,needs_review,project_board_or_poster,1240,874,,,,,,,,
asset_3a4405ab5b6e067ee0fd5b5d,图包与字体包/图包/中文奖项/GDC/2023/GDC_2023_02_16adb53a_06d24b3bd60dbc8397c8756fb064ba67.webp,source_0706972a96efeeb97e34ed71,work_b77837c6b3aa5be2f10905ce,ecological_award_image,blocked_unknown,needs_review,uncertain,1060,749,,,,,,,,
asset_3a8fccebac3456f3639b0585,图包与字体包/图包/中文奖项/DFA/2020/DFA_2020_04_bc882ee3_application_20201016_eZkyg.jpg,source_8fe67999836d8bef095f1ae4,work_a3e04b669629ef5ef62e8927,ecological_award_image,blocked_unknown,needs_review,uncertain,4800,3200,,,,,,,,
asset_3ac9d90b4dbeb459bb25a557,图包与字体包/图包/中文奖项/Golden Pin/2024/GoldenPin_2024_12_7c9e0014_image_e281c5.jpeg,source_e1ece67eba643b0810887b93,work_d5794e6a63dae826c961c388,ecological_award_image,blocked_unknown,needs_review,uncertain,4160,6240,,,,,,,,
asset_3b7b58369452defb9dfbf108,图包与字体包/图包/中文奖项/Golden Pin/2025/GoldenPin_2025_13_1847786d_image_0d0470.jpeg,source_d928cc374ecc0d9d1f9865f1,work_371fec785389aa5775c474e7,ecological_award_image,blocked_unknown,needs_review,uncertain,3000,2000,,,,,,,,
asset_3bf6825b600ecbc44ec395f2,图包与字体包/图包/中文奖项/DFA/2022/DFA_2022_10_63057222_application_20220926_q4Lju.jpg,source_6306499b9e5b2ae005cec3c5,work_dea9bafd4333435de19b60b2,ecological_award_image,blocked_unknown,needs_review,uncertain,3500,2333,,,,,,,,
asset_3c1007f9a14dc065a18a9c63,图包与字体包/图包/国际奖项/WOLDA/2021/WOLDA_2021_04_566e7c1e_13-WOLDA-Cat-21.jpg,source_a74c822ad428654ff6bc48da,work_a74c822ad428654ff6bc48da,ecological_award_image,blocked_unknown,needs_review,project_board_or_poster,1240,874,,,,,,,,
asset_3c4522588212db80eee99eae,图包与字体包/图包/国际奖项/Indigo/2021/Indigo_2021_08_ac6870f6_a3e26fc230ec4e3a46696a47fee07dee.jpg,source_5111c2c1d0c63531e2b1c929,work_dba384e4e9b6a29a4de4f278,ecological_award_image,blocked_unknown,needs_review,uncertain,2160,2160,,,,,,,,
asset_3d24ad85eb57b0bed9a20250,图包与字体包/图包/中文奖项/DFA/2020/DFA_2020_02_45eb2ddc_application_20201016_gG7gQ.jpg,source_eaee9c86c71544307d81a0fe,work_6a8a4eb4c0fc45a68d9372c2,ecological_award_image,blocked_unknown,needs_review,uncertain,2500,1768,,,,,,,,
asset_3d8bbcd6f7d3ca32db5454e3,图包与字体包/图包/国际奖项/WOLDA/2021/WOLDA_2021_03_7c3cf840_12th-WOLDA-Cat-BoS1-1.jpg,source_d285f2abdfa8b0b70f51bd7a,work_d285f2abdfa8b0b70f51bd7a,ecological_award_image,blocked_unknown,needs_review,duplicate_exact,1240,874,,,,,,,,
asset_3da68e45af88d9b4d90c786b,图包与字体包/图包/中文奖项/DFA/2020/DFA_2020_13_252159e0_application_20201016_VJBxP.jpg,source_01bf9218d9ec0c008bf920be,work_08552103fc8f61c49f9cbb03,ecological_award_image,blocked_unknown,needs_review,uncertain,2400,1600,,,,,,,,
asset_3e02b886a1bfe08c3b9c2134,图包与字体包/图包/中文奖项/DFA/2022/DFA_2022_12_5a5c5f6c_application_20220926_SHfNB.JPG,source_40b4172bbf0bc29bd9dec95e,work_f89ba1053fa5e2c098eb6c6b,ecological_award_image,blocked_unknown,needs_review,uncertain,4000,2667,,,,,,,,
asset_3e2009fac8c9c4186e9e22df,图包与字体包/图包/中文奖项/DFA/2021/DFA_2021_03_85453e67_application_20211011_7jY7X.jpg,source_3d0b9af7746d3a52e01f6ec7,work_ece1db91c2820acb7814d2a3,ecological_award_image,blocked_unknown,needs_review,uncertain,3600,2400,,,,,,,,
asset_3f3899306bee044a3d13b112,图包与字体包/图包/国际奖项/WOLDA/2024/WOLDA_2024_08_9921b4ee_16-WOLDA-Results-Cat-223.jpg,source_48c1b396d36cf655d465b1fd,work_48c1b396d36cf655d465b1fd,ecological_award_image,blocked_unknown,needs_review,project_board_or_poster,1276,1276,,,,,,,,
asset_40c5d35be81432b401c6a6a0,图包与字体包/图包/国际奖项/Indigo/2023/Indigo_2023_11_041bf802_qmewtD8HAtH1bJQeNxvRHkrx.jpg,source_9a7c1425b907e343ee29e972,work_a1e83cfe6e45596036aedd3f,ecological_award_image,blocked_unknown,needs_review,uncertain,7292,5000,,,,,,,,
asset_410832181d59a1fd3f2f5402,图包与字体包/图包/中文奖项/Golden Pin/2023/GoldenPin_2023_02_5f366859_image_a0d7d6.jpeg,source_0d47cba03e0c996fc8d32c50,work_b2e86bed5e7b82dd49ca1f27,ecological_award_image,blocked_unknown,needs_review,uncertain,3508,2480,,,,,,,,
asset_42301739c81790589f49c776,图包与字体包/字体包/汉字/NotoSansSC-Variable.ttf,source_font_9bb96d63f5afd9c4d0bf6e19,,font_file,blocked_unknown,passed,,,,,,,,,,,
asset_43e7c6b44c7228f0d6da0276,图包与字体包/图包/国际奖项/Indigo/2024/Indigo_2024_07_c8724232_ubYNYvLw84vNnBtqC37VLL3f.jpg,source_e28e5ba6651a448adb551729,work_40b538e9b293adae3da418a2,ecological_award_image,blocked_unknown,needs_review,uncertain,1080,600,,,,,,,,
asset_44e20ae4d927a8d8a039b492,图包与字体包/图包/中文奖项/GDC/2021/GDC_2021_01_19abcb28_16b15f13e1fb33c8621077ed4dc4edc1.webp,source_f7006a95c999ae6722d8fcf7,work_ec2dd202fd657aeaff5d606a,ecological_award_image,blocked_unknown,needs_review,uncertain,885,1080,,,,,,,,
asset_46338a7aa7537bcb9c5c22f0,图包与字体包/图包/中文奖项/DFA/2020/DFA_2020_16_451dcaaf_application_20201016_LnqJE.jpg,source_d8a72949e614d40f91d7d1d8,work_1b64f45175ad8406aa2f594f,ecological_award_image,blocked_unknown,needs_review,uncertain,3840,2160,,,,,,,,
asset_46907e9ab2fa61bb81d61c5a,图包与字体包/图包/中文奖项/Golden Pin/2024/GoldenPin_2024_02_c97c281d_image_0abb43.jpeg,source_070451815c7e093fd4fa4d9d,work_ecbe0ffbbb2dc070cd9cbce7,ecological_award_image,blocked_unknown,needs_review,uncertain,2480,1748,,,,,,,,
asset_46b8a3222f0430c5bf302273,图包与字体包/图包/中文奖项/DFA/2021/DFA_2021_08_b10d0f5c_application_20211011_kg3sN.jpg,source_abd6856a8fbb9a02bbae50b8,work_2f524c647670247b9a1b13a3,ecological_award_image,blocked_unknown,needs_review,uncertain,2400,1650,,,,,,,,
asset_4933b3fe2e6abf753e39a988,图包与字体包/图包/中文奖项/DFA/2022/DFA_2022_05_e87736fc_application_20220926_rkLH0.jpg,source_0c2e955616e5958d95e989f7,work_18ef069c709a4ae07551000b,ecological_award_image,blocked_unknown,needs_review,uncertain,6579,4345,,,,,,,,
asset_494ba8e5f3952870e84c8d22,图包与字体包/图包/中文奖项/GDC/2023/GDC_2023_02_baf72253_2ad3eacee6128fa0a80389c5e5a147e6.webp,source_83928cd0fa50b0d87af78150,work_064beeed930b3ee289409b09,ecological_award_image,blocked_unknown,needs_review,uncertain,1060,749,,,,,,,,
asset_49e23e09cd30ea41f264c2b1,图包与字体包/图包/中文奖项/DFA/2024/DFA_2024_16_f2cb3c9a_application_20241031_78HWD.png,source_ee6ce6dc9ab5b88d278b15b1,work_b8edc1d02ba3cb1b0e1272b3,ecological_award_image,blocked_unknown,needs_review,uncertain,2400,1350,,,,,,,,
asset_4a01e15442ebdfe295cb3c64,图包与字体包/图包/国际奖项/Indigo/2022/Indigo_2022_11_fed4e936_midsize-05e8040f537d6cffc5a310c626f431af.png,source_1c73a6e187551f2792478401,work_cf5df037c85a5d5b6b7b4b3e,ecological_award_image,blocked_unknown,needs_review,uncertain,600,338,,,,,,,,
asset_4a603eaa090e69f3b653b57e,图包与字体包/图包/国际奖项/WOLDA/2023/WOLDA_2023_04_23f34836_15-WOLDA-Cat-210.jpg,source_6bd931994818bf3bfd3a0e28,work_6bd931994818bf3bfd3a0e28,ecological_award_image,blocked_unknown,needs_review,project_board_or_poster,1240,874,,,,,,,,
asset_4b0971868b9a952f2e18f9ea,图包与字体包/图包/国际奖项/Indigo/2022/Indigo_2022_16_11424f1a_midsize-265c426b95bcc7a64605f2d18c95f5db.png,source_add01eb84249ac4fb48071af,work_c7a38ebb25392e8981749513,ecological_award_image,blocked_unknown,needs_review,uncertain,600,450,,,,,,,,
asset_4bae8049838c5373857af71e,图包与字体包/图包/中文奖项/Golden Pin/2024/GoldenPin_2024_04_ea42c3a4_image_12f6f7.png,source_a59c3b470635473504c3f259,work_00d2d56cbf7c531772e97245,ecological_award_image,blocked_unknown,needs_review,uncertain,1920,1080,,,,,,,,
asset_4c7bb79056e7af4c7d6012f3,图包与字体包/图包/中文奖项/Golden Pin/2023/GoldenPin_2023_17_e8c95b2c_image_79fa6b.jpeg,source_e350641f5abfc4b0ad27e682,work_12759a1b6318bf72bcd9e2ed,ecological_award_image,blocked_unknown,needs_review,uncertain,3509,2481,,,,,,,,
asset_4d08bb7213de09142824ca86,图包与字体包/图包/中文奖项/Golden Pin/2025/GoldenPin_2025_06_10b799ca_image_280775.jpeg,source_85fd973fc684941f25c4e7bc,work_509acb3d97c09653f086f027,ecological_award_image,blocked_unknown,needs_review,uncertain,2881,1620,,,,,,,,
asset_4efb795f6be8be290d1a4d07,图包与字体包/字体包/拉丁文字/OpenSans-Variable.ttf,source_font_677e169e71196b81da345970,,font_file,blocked_unknown,passed,,,,,,,,,,,
asset_4ff0f010eff4ab7a188ee134,图包与字体包/图包/中文奖项/Golden Pin/2023/GoldenPin_2023_01_a1e2fa9d_image_96e87a.png,source_36c2a5030a494c74dfbe353b,work_db9207d7dde3ea40b552a9a5,ecological_award_image,blocked_unknown,needs_review,uncertain,3840,2160,,,,,,,,
asset_511273a4245e7b49788ec4ca,图包与字体包/图包/中文奖项/GDC/2023/GDC_2023_01_122741ad_05d00456b9c2aa81d4fed78cdf17c041.webp,source_120bd071b563d281acd3ae08,work_467768f9377ca12c361ba6af,ecological_award_image,blocked_unknown,needs_review,uncertain,1060,1498,,,,,,,,
asset_5453c9d70afa60c573ab4660,图包与字体包/图包/国际奖项/Indigo/2020/Indigo_2020_03_49b588fc_a46ec86fe94186b03079c258ec473779.jpg,source_9321959527bce68631a5a782,work_ee4ea3d81a3d6e3d525f8175,ecological_award_image,blocked_unknown,needs_review,uncertain,1400,854,,,,,,,,
asset_5459cab0f00f094dd1a20909,图包与字体包/图包/中文奖项/Golden Pin/2023/GoldenPin_2023_16_054063f5_image_a43a10.jpeg,source_87c5907ff3c6f5d4399333ee,work_5107c6716360d8b82d458a22,ecological_award_image,blocked_unknown,needs_review,uncertain,3543,2480,,,,,,,,
asset_54a75d38650803760e42be98,图包与字体包/图包/中文奖项/DFA/2023/DFA_2023_15_34b6592b_application_20231027_VvYqm.jpg,source_01aaeba9991532b8cfd98f3c,work_ad9d37b21f3893ee5d8c212d,ecological_award_image,blocked_unknown,needs_review,uncertain,2717,1813,,,,,,,,
asset_54bf217352bd88bf53cae7ee,图包与字体包/图包/中文奖项/Golden Pin/2022/GoldenPin_2022_16_61ee0d87_42672e3c73aec1313bc69a3e103abf44.jpg,source_608e5cc746f2da7efe33f435,work_81d2ad4b18a6977a99695368,ecological_award_image,blocked_unknown,needs_review,uncertain,4961,3508,,,,,,,,
asset_55a50f6b74f64b99bac4e4ec,图包与字体包/图包/国际奖项/Indigo/2020/Indigo_2020_13_9b8d2b65_d3e556e36e39486672e89ff89e275cf3.jpg,source_055eecda95542ca1f04f182d,work_9817316b66fdece0be28cebc,ecological_award_image,blocked_unknown,needs_review,uncertain,2500,1861,,,,,,,,
asset_55ebd81e5aae79e839313c2c,图包与字体包/图包/国际奖项/Indigo/2024/Indigo_2024_13_3caee4e5_pavsyqr5t4i9ag4srtjqlg7uur3q.png,source_836fa407ae73acdfaac311da,work_c3a477659474cfced79efeaf,ecological_award_image,blocked_unknown,needs_review,uncertain,1080,600,,,,,,,,
asset_56290661375c150d1009e034,图包与字体包/图包/中文奖项/DFA/2024/DFA_2024_09_26b7cb54_application_20241031_GGucK.jpg,source_12654a43e221c6a71d2c1a2e,work_77c62f650a850dca222d6e94,ecological_award_image,blocked_unknown,needs_review,uncertain,3543,1772,,,,,,,,
asset_571c5b7f5e178b35304f6764,图包与字体包/图包/国际奖项/Indigo/2020/Indigo_2020_08_b2aa9575_5936db2f5b5bce563c9844c0962c5bce.jpg,source_efb95ac51d20daaed2812dae,work_c7fb05e140471b53b5eadb4f,ecological_award_image,blocked_unknown,needs_review,uncertain,5833,3750,,,,,,,,
asset_58b3ead303dd6d1d416d7884,图包与字体包/图包/国际奖项/Indigo/2021/Indigo_2021_05_5d764ffa_41575e293c7db967bb6ad2a052c405d2.jpg,source_d97526657679cfee9a4dfb69,work_1772edd5bc2664d9e0c5c1d2,ecological_award_image,blocked_unknown,needs_review,uncertain,1200,675,,,,,,,,
asset_58c39f0e26468ac8adcd1156,图包与字体包/图包/国际奖项/WOLDA/2022/WOLDA_2022_17_6ec8f7a0_14-WOLDA-Results-Cat-222.jpg,source_cde8bb17172b744dc7022dae,work_cde8bb17172b744dc7022dae,ecological_award_image,blocked_unknown,needs_review,project_board_or_poster,1240,874,,,,,,,,
asset_5924b718546e395f95c4b354,图包与字体包/图包/中文奖项/DFA/2022/DFA_2022_11_7c421225_application_20221026_UwRzE.jpg,source_fc18c84f39d3f4809b0a3fcd,work_16bc9aeec9d9f9e090f59626,ecological_award_image,blocked_unknown,needs_review,uncertain,7016,4961,,,,,,,,
asset_5b58c6972dc4030f3919e0d3,图包与字体包/图包/中文奖项/DFA/2022/DFA_2022_14_01dcfe10_application_20221026_ZermP.jpg,source_89914846756fd1d9ff127e39,work_d56d768f68d4d3c42fed18f2,ecological_award_image,blocked_unknown,needs_review,uncertain,3500,2333,,,,,,,,
asset_5b92df47b970adeda9db3790,图包与字体包/图包/国际奖项/Indigo/2024/Indigo_2024_12_14e209fd_xaby6iufhfg42gdl6upa5olmbgre.png,source_36aa1655750977a5298492ed,work_51f76e2d52611cce5351d180,ecological_award_image,blocked_unknown,needs_review,uncertain,1080,600,,,,,,,,
asset_5bd53a5fc3f46696af1ab15b,图包与字体包/图包/国际奖项/WOLDA/2021/WOLDA_2021_16_c7efb619_13-WOLDA-Cat-220.jpg,source_bdb474dda411e4fab356cc2b,work_bdb474dda411e4fab356cc2b,ecological_award_image,blocked_unknown,needs_review,project_board_or_poster,1240,874,,,,,,,,
asset_5c3a4e5482a5a6fa7498ccae,图包与字体包/图包/国际奖项/Indigo/2023/Indigo_2023_12_33ba65f1_uYhaBN8Gcuh5f3x2eJmTEifJ.jpg,source_e7168772420419d08da5ffad,work_764aaf6c9d30fdc1c372fae2,ecological_award_image,blocked_unknown,needs_review,uncertain,4584,3055,,,,,,,,
asset_5ca4a9b86be5a09acab896a3,图包与字体包/图包/中文奖项/GDC/2025/GDC_2025_05_1315_21637-WOuuBZkseNBxYxqAhlivss0QEUHwdXoVMhHNV6h1RJwRoeVZ.jpg,source_db8ab15ea3387d2a542d226c,work_ed78d720513b68bd9e66306b,ecological_award_image,blocked_unknown,needs_review,uncertain,1620,1080,,,,,,,,
asset_5cdbefc6f12a5764368e8993,图包与字体包/图包/国际奖项/WOLDA/2023/WOLDA_2023_06_108122b0_15-WOLDA-Cat-212.jpg,source_c498fe74936f89214f7ef1b1,work_c498fe74936f89214f7ef1b1,ecological_award_image,blocked_unknown,needs_review,project_board_or_poster,1240,874,,,,,,,,
asset_5cf452b45f87af4e73b767e9,图包与字体包/图包/中文奖项/Golden Pin/2023/GoldenPin_2023_06_cfa1720c_image_b810d2.png,source_751b95f7f0199f14d9469858,work_9bb71be03be93c4628e51206,ecological_award_image,blocked_unknown,needs_review,uncertain,4084,2334,,,,,,,,
asset_5d25c0a38034ffc0c18d9f4a,图包与字体包/图包/中文奖项/DFA/2021/DFA_2021_05_344c498b_application_20211011_ahetP.jpg,source_613af85d4789a5b518cadae1,work_a7b270e0c40de0bdf3c65285,ecological_award_image,blocked_unknown,needs_review,uncertain,3508,2480,,,,,,,,
asset_5ddbfc52a83ac18ea3d60109,图包与字体包/图包/中文奖项/GDC/2021/GDC_2021_01_3394538a_0a54346aee41449f5ca4e9cc12785962.webp,source_8597de715ac657766dfce472,work_0e0483624d8a5dd953ffcaf8,ecological_award_image,blocked_unknown,needs_review,uncertain,790,1080,,,,,,,,
asset_5e5fda8e7cf465697f2e5d33,图包与字体包/图包/中文奖项/Golden Pin/2025/GoldenPin_2025_17_d8ecb719_image_bbfcfc.jpeg,source_4fae3dd9ead16bec945747dd,work_fdc1e085e05ee51ea4aaf3c5,ecological_award_image,blocked_unknown,needs_review,uncertain,3544,2363,,,,,,,,
asset_5f1598b41f414172d6eeb2cc,图包与字体包/图包/中文奖项/Golden Pin/2022/GoldenPin_2022_06_90cd8428_22b3fd827700dcd785ef600a31b7ceda.jpg,source_148ed98a38e7382f7741cdd8,work_914049dabf83285db80d742a,ecological_award_image,blocked_unknown,needs_review,uncertain,3509,2482,,,,,,,,
asset_6017abb7d4f2e80edc3bcf09,图包与字体包/图包/国际奖项/Indigo/2021/Indigo_2021_18_7e44f085_9adda84b3bd919831ed15596a95e1498.jpg,source_98572293f99bf0bb48244dba,work_48854c4567c2351836a941cd,ecological_award_image,blocked_unknown,needs_review,uncertain,2414,1550,,,,,,,,
asset_6176d8c8fe2c852b1bf517be,图包与字体包/图包/国际奖项/WOLDA/2024/WOLDA_2024_04_ca455a6d_16-WOLDA-Results-Cat-215.jpg,source_b140be21f3aa42d51e030d79,work_b140be21f3aa42d51e030d79,ecological_award_image,blocked_unknown,needs_review,project_board_or_poster,1276,1276,,,,,,,,
asset_6408893b198055b9c5180654,图包与字体包/图包/中文奖项/DFA/2024/DFA_2024_13_ded234c2_application_20241031_yvECC.jpg,source_7043f39edb61d420464487f3,work_5e9aac41f35e808ed567af30,ecological_award_image,blocked_unknown,needs_review,uncertain,3508,2480,,,,,,,,
asset_64437acb8376d1090a5164bd,图包与字体包/图包/中文奖项/DFA/2023/DFA_2023_07_6310e882_application_20231024_TLw9D.jpg,source_ded5ca85b49b635a92326ef9,work_f20c037101f180602d93433a,ecological_award_image,blocked_unknown,needs_review,uncertain,3646,2917,,,,,,,,
asset_64897dbe0d09abdbef1847e0,图包与字体包/图包/国际奖项/Indigo/2022/Indigo_2022_04_68cda564_midsize-81aae1250fec89acdbe8880deb9cc348.jpg,source_2524d4548ebde273f5a28c53,work_658ee10ce6b737c033d3160e,ecological_award_image,blocked_unknown,needs_review,uncertain,600,600,,,,,,,,
asset_649a8b6b9e5387be75f4f4af,图包与字体包/字体包/拉丁文字/Roboto-Variable.ttf,source_font_96cbd8d4e3ec036a03c3d5db,,font_file,blocked_unknown,passed,,,,,,,,,,,
asset_678bb3698f949e9f7b38e4f6,图包与字体包/图包/中文奖项/DFA/2020/DFA_2020_07_a977a4c7_application_20201016_1ekvY.jpg,source_2a4ee582080dcad78bdd233f,work_d1360683b07e396cc0ed197f,ecological_award_image,blocked_unknown,needs_review,uncertain,9997,2400,,,,,,,,
asset_67ad229c1bbc590d01c364e6,图包与字体包/图包/国际奖项/WOLDA/2020/WOLDA_2020_17_de89929d_12th-WOLDA-Cat-222.jpg,source_7cbb0d06685dd064879ddcf9,work_7cbb0d06685dd064879ddcf9,ecological_award_image,blocked_unknown,needs_review,project_board_or_poster,1240,874,,,,,,,,
asset_67d90e5d873fe88fef80e690,图包与字体包/图包/国际奖项/Indigo/2021/Indigo_2021_02_519c3773_401c02b8e3cc44c4d13886cb5fa4c03e.jpg,source_c68c5902fa12d81dfb1ae6b2,work_b0c5832226f42a2f2723dbbf,ecological_award_image,blocked_unknown,needs_review,uncertain,1587,892,,,,,,,,
asset_6815153947e57e8924347ed9,图包与字体包/图包/中文奖项/Golden Pin/2022/GoldenPin_2022_08_877b92e9_0095eacf02a5ed91f084b57f69334d73.jpg,source_d101da3a7dc5c240f676a060,work_401fbb0f832f195459f4dd47,ecological_award_image,blocked_unknown,needs_review,uncertain,3508,2352,,,,,,,,
asset_690caff24bb4144b5db187c1,图包与字体包/图包/国际奖项/Indigo/2024/Indigo_2024_15_d8f1ef48_zp6exjoegom1clhywyf2zdp9utur.png,source_9e0bffa58d1bf14321a331ea,work_4892cd98ff65376d9ba5cb4f,ecological_award_image,blocked_unknown,needs_review,uncertain,1080,600,,,,,,,,
asset_699cf7172fcdcbad69052e3d,图包与字体包/图包/国际奖项/WOLDA/2020/WOLDA_2020_12_164e296f_12th-WOLDA-Cat-218.jpg,source_7c6c1267ed95c74ead875245,work_7c6c1267ed95c74ead875245,ecological_award_image,blocked_unknown,needs_review,project_board_or_poster,1240,874,,,,,,,,
asset_69db95c093472b98ee64e224,图包与字体包/图包/中文奖项/Golden Pin/2024/GoldenPin_2024_11_402cec97_image_8206eb.jpeg,source_908260252b3e82652276fb70,work_a7c83bef6de359365a5cf4f3,ecological_award_image,blocked_unknown,needs_review,uncertain,4317,3120,,,,,,,,
asset_6a9510f67516d8303ea3f0aa,图包与字体包/图包/国际奖项/WOLDA/2023/WOLDA_2023_10_b00f92ad_15-WOLDA-Cat-216.jpg,source_9bdf1970f38cb6ab824b3c2f,work_9bdf1970f38cb6ab824b3c2f,ecological_award_image,blocked_unknown,needs_review,project_board_or_poster,1240,874,,,,,,,,
asset_6af6b6f2f5a00d8e4e7ddc2d,图包与字体包/图包/中文奖项/GDC/2023/GDC_2023_02_c581dd20_2e58bb0332756d6e0e0f0824fb9359be.webp,source_4e4ba0d059a75a41c11d1320,work_cb6d959709fba392d290cc9b,ecological_award_image,blocked_unknown,needs_review,uncertain,1060,596,,,,,,,,
asset_6b7d9e99f57ff3102381cb10,图包与字体包/图包/国际奖项/Indigo/2020/Indigo_2020_06_7697f056_fa7d220b663e0b815340a9b5f512c9d5.jpg,source_1696eeda3ef4f4968fe636b8,work_26466bb35e0a58a0bccf0e52,ecological_award_image,blocked_unknown,needs_review,uncertain,5833,3750,,,,,,,,
asset_6ba94f3383f348754a8aaa48,图包与字体包/图包/国际奖项/WOLDA/2022/WOLDA_2022_03_a8743fde_14-WOLDA-Results-Cat-21.jpg,source_82fd7822a547f6a51e995a32,work_82fd7822a547f6a51e995a32,ecological_award_image,blocked_unknown,needs_review,project_board_or_poster,1240,874,,,,,,,,
asset_6c83b68a6a15657859a85c74,图包与字体包/图包/国际奖项/WOLDA/2022/WOLDA_2022_16_29b270b5_14-WOLDA-Results-Cat-221.jpg,source_f1824e6a63a0fc9d14494ea1,work_f1824e6a63a0fc9d14494ea1,ecological_award_image,blocked_unknown,needs_review,project_board_or_poster,1240,874,,,,,,,,
asset_6ccbb6d66a773b9a79667fa2,图包与字体包/图包/中文奖项/DFA/2022/DFA_2022_07_12c8cc2a_application_20220926_FOYvu.jpg,source_72122619ed9cd515c531dd17,work_b2271cb0364b3c1081a669ef,ecological_award_image,blocked_unknown,needs_review,uncertain,2067,3100,,,,,,,,
asset_6d4f130da5651be1e263724d,图包与字体包/图包/中文奖项/GDC/2023/GDC_2023_02_7bbc7e9a_be3933fec8b2f5e3372343bc8e7b81c7.webp,source_dfecaa89ed4e075de5701803,work_f886254d5f8568da08ec93dd,ecological_award_image,blocked_unknown,needs_review,uncertain,1060,1499,,,,,,,,
asset_6d98a716d18fc6802443636e,图包与字体包/图包/国际奖项/Indigo/2022/Indigo_2022_08_be8fbe30_midsize-92c280cafc47896f16e6db91c6fad601.jpg,source_394b8e330a3807fee18844b7,work_814caffce2c85b76942eca36,ecological_award_image,blocked_unknown,needs_review,uncertain,600,400,,,,,,,,
asset_6deccb80dccf8f973952baca,图包与字体包/图包/中文奖项/Golden Pin/2025/GoldenPin_2025_11_f8e9fdf5_image_8ed56f.jpeg,source_fc2b9dc6e800ca0b8119ba0e,work_67106a3d766708f0b99cee46,ecological_award_image,blocked_unknown,needs_review,uncertain,3000,2121,,,,,,,,
asset_6e6201a6e8d71acffe6ead54,图包与字体包/图包/中文奖项/GDC/2025/GDC_2025_10_1272_23701-OCH15UYAjIDrpBkANdmI3sfHG1IKv3tiENxQ2TvhlW5Goek5.jpg,source_5679d902363bc8d018dae15f,work_d7d89e70e9a3348306355733,ecological_award_image,blocked_unknown,needs_review,uncertain,4134,5906,,,,,,,,
asset_6f0d45a0268c10aac0cfede9,图包与字体包/图包/中文奖项/Golden Pin/2024/GoldenPin_2024_13_8f96a5b2_image_e1c646.jpeg,source_fce7559f700602d11014b90d,work_94f2d2f5c1392847e33fc4db,ecological_award_image,blocked_unknown,needs_review,uncertain,4001,5334,,,,,,,,
asset_71937b2a28583f0dbe5d851b,图包与字体包/图包/国际奖项/WOLDA/2020/WOLDA_2020_03_0d850522_12th-WOLDA-Cat-21.jpg,source_84387992a0014076a29f196f,work_84387992a0014076a29f196f,ecological_award_image,blocked_unknown,needs_review,project_board_or_poster,1240,874,,,,,,,,
asset_71fc082fd7e27ba8a456da36,图包与字体包/字体包/韩文/NanumGothic-Regular.ttf,source_font_6a8324c2ecb7a6e99fc6f2ef,,font_file,blocked_unknown,passed,,,,,,,,,,,
asset_721ada79cf0f3c934afee09f,图包与字体包/图包/中文奖项/Golden Pin/2024/GoldenPin_2024_03_609bee83_image_03e6cf.jpeg,source_a738b5311217cd5186ef48c6,work_3a9a1b65fb06c8ff3104cd2b,ecological_award_image,blocked_unknown,needs_review,uncertain,3508,1754,,,,,,,,
asset_72b14939817246b7ace714df,图包与字体包/图包/中文奖项/DFA/2022/DFA_2022_15_4e352683_application_20220926_z5cQX.jpg,source_d574ab0e33657f299219748b,work_51e4bdfb995ce4a112a1f1b1,ecological_award_image,blocked_unknown,needs_review,uncertain,3543,2530,,,,,,,,
asset_7343d64cd4355d02a0d0b1ed,图包与字体包/图包/中文奖项/DFA/2021/DFA_2021_06_c141388c_application_20211011_anDUj.jpg,source_1eeb49121eed1429a7e52cfc,work_eb1fdc92acb3e8b3b8bfb23f,ecological_award_image,blocked_unknown,needs_review,uncertain,4962,3510,,,,,,,,
asset_735847c54ccab5c9fc2a9ee6,图包与字体包/图包/国际奖项/Indigo/2021/Indigo_2021_03_8b1140c9_aad86f397460a70e9c0efa90dd03ab45.jpg,source_f0ad939a803ce577e7461204,work_aee4b288023f6f28ac89b311,ecological_award_image,blocked_unknown,needs_review,uncertain,2550,1650,,,,,,,,
asset_7446a6d4b34df52e79646274,图包与字体包/图包/中文奖项/DFA/2021/DFA_2021_11_01c83766_application_20211011_y6Hgj.jpg,source_30eb687663433d6c69620870,work_4a0adbffaa3f72caee835417,ecological_award_image,blocked_unknown,needs_review,uncertain,3543,2362,,,,,,,,
asset_74f91b2f6d76d88181f8f662,图包与字体包/图包/国际奖项/Indigo/2022/Indigo_2022_15_10acc81b_28f862d5ffa09fc061ea7f648087e07a.jpg,source_358b659f080298ae7a8a1b70,work_fdcdb43f9a05bc70ad9fb4b3,ecological_award_image,blocked_unknown,needs_review,uncertain,1800,1800,,,,,,,,
asset_751c958f64208130d45e12e6,图包与字体包/图包/中文奖项/Golden Pin/2023/GoldenPin_2023_13_42b7eb99_image_120ce7.jpeg,source_8c362ca0c4e2c73a29cb7200,work_0d1d8577e859598c8a2ac2ef,ecological_award_image,blocked_unknown,needs_review,uncertain,3508,2480,,,,,,,,
asset_761b57507ca8ee5755634e7c,图包与字体包/图包/国际奖项/Indigo/2024/Indigo_2024_04_26283707_Qc1nT5NdoAj7nsCetC9F7Fuf.png,source_7792a98e36454a09dbf852cc,work_dd9ba030f33d931181c5dca3,ecological_award_image,blocked_unknown,needs_review,uncertain,1080,600,,,,,,,,
asset_77f96fa4ab2d2d5bd494a0b3,图包与字体包/图包/中文奖项/DFA/2020/DFA_2020_08_7a366d01_application_20201016_Gk0nB.jpg,source_82a834a444f59572295d802a,work_8860c5a81e7b7fe49ad1ed52,ecological_award_image,blocked_unknown,needs_review,uncertain,2953,2252,,,,,,,,
asset_784533a1f39b1a87d025291a,图包与字体包/图包/中文奖项/GDC/2021/GDC_2021_01_75c3c897_a2c607f195d42c8e774ebdd64a4d6c13.webp,source_563184921a0d1b57bd6d2f0c,work_78bda9bf4d2692a11f902eea,ecological_award_image,blocked_unknown,needs_review,uncertain,756,1080,,,,,,,,
asset_78d9a926eda11e71feaeac98,图包与字体包/字体包/拉丁文字/Lato-Bold.ttf,source_font_fd7d274ba95795dfa60732b5,,font_file,blocked_unknown,passed,,,,,,,,,,,
asset_799c3f2ae41066dcf12dd355,图包与字体包/图包/中文奖项/DFA/2020/DFA_2020_06_2c4371a8_application_20201016_e8033.jpg,source_151991fa433a11a6bb749162,work_5c32a385e4a5135b9639f64c,ecological_award_image,blocked_unknown,needs_review,uncertain,3000,4243,,,,,,,,
asset_79c242982d678e1c4dfda691,图包与字体包/图包/国际奖项/Indigo/2021/Indigo_2021_14_bac5fd5f_midsize-308ea3a7ad5b6331f6c2f49599a71dde.jpg,source_ca75d9ade88c9448b0b32b51,work_8f06e118974981c03eb76964,ecological_award_image,blocked_unknown,needs_review,uncertain,600,600,,,,,,,,
asset_7a3a1d5ddfa65bf22818e4a2,图包与字体包/图包/国际奖项/Indigo/2020/Indigo_2020_04_ab097035_90da9153430dc4f96a0cd0f414c85781.jpg,source_0235ee7ff43f5c4888e938a0,work_ebf02ab5e170ec645846e873,ecological_award_image,blocked_unknown,needs_review,uncertain,2481,1755,,,,,,,,
asset_7a4c183502ed58e69efe7894,图包与字体包/图包/国际奖项/WOLDA/2022/WOLDA_2022_06_8389337c_14-WOLDA-Results-Cat-212.jpg,source_0b1b6b26181f5cad7c805a0a,work_0b1b6b26181f5cad7c805a0a,ecological_award_image,blocked_unknown,needs_review,project_board_or_poster,1240,874,,,,,,,,
asset_7a981510cb338a9c73f1debc,图包与字体包/字体包/片假名/NotoSerifJP-Regular.otf,source_font_a792882a38365f15704842dc,,font_file,blocked_unknown,passed,,,,,,,,,,,
asset_7b9f0a7629ea648457a0c1b9,图包与字体包/图包/国际奖项/WOLDA/2021/WOLDA_2021_05_b43b3aa3_13-WOLDA-Cat-210.jpg,source_96cf1f949c017a6cd6906c67,work_96cf1f949c017a6cd6906c67,ecological_award_image,blocked_unknown,needs_review,project_board_or_poster,1240,874,,,,,,,,
asset_7bb09412a44449dbd3075789,图包与字体包/图包/中文奖项/DFA/2021/DFA_2021_15_4a9c1686_application_20211011_25SK4.jpg,source_0976e948f87c5df30c33e905,work_92bd1679439a2f0841759f5e,ecological_award_image,blocked_unknown,needs_review,uncertain,2534,1992,,,,,,,,
asset_7c6e2d368c1a868d45906a63,图包与字体包/图包/中文奖项/DFA/2024/DFA_2024_01_09b2832a_application_20241030_NAYWg.JPG,source_1f978620f8ac855319dd11ef,work_0e9135e16c50c15766710ff1,ecological_award_image,blocked_unknown,needs_review,uncertain,3750,2500,,,,,,,,
asset_7cc0b318ff87f7a41e6bb1c4,图包与字体包/图包/中文奖项/DFA/2022/DFA_2022_02_84a8c629_application_20220926_Q0fgg.jpg,source_852eca5db294cafb052c3000,work_8150168ec1294a100d44377f,ecological_award_image,blocked_unknown,needs_review,uncertain,3750,2500,,,,,,,,
asset_7ccca0d2fd811b4ccd29d21f,图包与字体包/图包/中文奖项/GDC/2021/GDC_2021_02_6c93df5b_2e48d9c3be772cf424c3d74a0b745d22.webp,source_565ba7133ed61c99efe61355,work_971f3b86455c38b1da692c18,ecological_award_image,blocked_unknown,needs_review,uncertain,1060,749,,,,,,,,
asset_7d0054380f2ef1c8eb9e9f03,图包与字体包/图包/中文奖项/DFA/2024/DFA_2024_05_26b76c81_application_20241030_KbnrG.jpg,source_b685a8a9aace1b5208aa9226,work_123a2c87a63eeb91e8160986,ecological_award_image,blocked_unknown,needs_review,uncertain,4375,2917,,,,,,,,
asset_7e76f5317401c14cc8e3ba14,图包与字体包/图包/中文奖项/Golden Pin/2024/GoldenPin_2024_14_f61211be_image_1ae0a9.jpeg,source_d9f10ec61ed3ddaddbfd9b68,work_86929edc71726ad91688568b,ecological_award_image,blocked_unknown,needs_review,uncertain,3507,2480,,,,,,,,
asset_7ea8bf6f00f6dec37b77463b,图包与字体包/图包/国际奖项/WOLDA/2022/WOLDA_2022_18_4482cdc6_14-WOLDA-Results-Cat-223.jpg,source_cdd41d6962e9b3e05d224d0f,work_cdd41d6962e9b3e05d224d0f,ecological_award_image,blocked_unknown,needs_review,project_board_or_poster,1240,874,,,,,,,,
asset_804b6f794a2e572febf0f8c3,图包与字体包/图包/中文奖项/GDC/2021/GDC_2021_02_e21e6780_04acb5a79b07710f3066ad2f1b4c286c.webp,source_a13c9f1133095e4c0b0c0645,work_b237988fa4dae20aa64c7d7b,ecological_award_image,blocked_unknown,needs_review,uncertain,1060,749,,,,,,,,
asset_806143b32c037e67a5d48096,图包与字体包/图包/国际奖项/Indigo/2021/Indigo_2021_01_b9430b22_71198cdc58c03e837a636324d808fd5b.png,source_357e3cc2e80bbe615d1aee49,work_aea09830e962600ae907301d,ecological_award_image,blocked_unknown,needs_review,uncertain,1921,1081,,,,,,,,
asset_806926902c9e3c497044038f,图包与字体包/图包/国际奖项/Indigo/2022/Indigo_2022_07_cedd52e8_f88b307a2adfe551f29bb67f99c18c09.png,source_c13bd844aef735e2452ead8e,work_c2893782ae0880386c81a2c3,ecological_award_image,blocked_unknown,needs_review,uncertain,2400,1254,,,,,,,,
asset_81f7525f1cf8c57210a5073c,图包与字体包/图包/中文奖项/Golden Pin/2024/GoldenPin_2024_09_656f49ef_image_1f5340.jpeg,source_ed41329f411fcf80ff5cdf8a,work_86c2d13ed0b6605fdecbcdea,ecological_award_image,blocked_unknown,needs_review,uncertain,2382,1685,,,,,,,,
asset_82a1a87b65f8d6974b4002e4,图包与字体包/图包/中文奖项/DFA/2022/DFA_2022_01_b5afb106_application_20220926_Bh3bQ.jpg,source_3c5d74bd23cb3c87a5261637,work_05232344abef9ace0782b04e,ecological_award_image,blocked_unknown,needs_review,uncertain,3243,2400,,,,,,,,
asset_82ce8647d67f29091eec9f7c,图包与字体包/图包/国际奖项/Indigo/2023/Indigo_2023_03_aebb7d68_midsize-6a8a35eb87380156d66c7b1659455481.png,source_80fe09e77dfd1bf72359baf3,work_cca7f9f5bd9972080754aae3,ecological_award_image,blocked_unknown,needs_review,uncertain,600,388,,,,,,,,
asset_83c357cae64d925d1d3b4fc0,图包与字体包/图包/国际奖项/Indigo/2022/Indigo_2022_10_7a115231_midsize-4ec8c6a3e06545f210d1edf1ae1a861f.jpeg,source_d2d44d7363debd82e3f8a785,work_3fc39e5b536f10a82208d08f,ecological_award_image,blocked_unknown,needs_review,uncertain,600,338,,,,,,,,
asset_83c57659f49e5fd71f16ab68,图包与字体包/图包/中文奖项/Golden Pin/2025/GoldenPin_2025_12_04bf128d_image_f6fc0f.jpeg,source_dd9d41d8f2057a84b764f1f7,work_eeab6703596c1eaa13c90480,ecological_award_image,blocked_unknown,needs_review,uncertain,3000,2121,,,,,,,,
asset_845c272425fb759530090f4e,图包与字体包/图包/中文奖项/Golden Pin/2022/GoldenPin_2022_01_e16cc567_6b3021ee61bfdef34133913145ee1b91.jpg,source_fb2adefd555633c54703f5ce,work_3f0c148338f64860060b515a,ecological_award_image,blocked_unknown,needs_review,uncertain,4314,2341,,,,,,,,
asset_852740b813d84f468effd655,图包与字体包/图包/中文奖项/DFA/2023/DFA_2023_06_16870d1b_application_20231024_D892n.jpg,source_29d7b681fcfeaf7a5b70b978,work_ef3f2c153e464889a96764e4,ecological_award_image,blocked_unknown,needs_review,uncertain,3595,2400,,,,,,,,
asset_8578187926a761142e5ad977,图包与字体包/图包/国际奖项/Indigo/2021/Indigo_2021_04_8f4cc432_f5afd91d3adac6136784ff84900027e4.jpg,source_650d7dbdf9f5e3be05c0d71e,work_237cff28e63717970c2f9879,ecological_award_image,blocked_unknown,needs_review,uncertain,1080,1080,,,,,,,,
asset_87d75e7b9380e8f6f9a553f6,图包与字体包/图包/中文奖项/DFA/2021/DFA_2021_02_f0ac5dcf_application_20211011_tgP7z.jpg,source_acfebf7327a9e585aad3f023,work_b5f10735c18dee3e95f1ac66,ecological_award_image,blocked_unknown,needs_review,uncertain,3333,2500,,,,,,,,
asset_87f1c4147fb6ed0f92b4dacc,图包与字体包/图包/国际奖项/Indigo/2020/Indigo_2020_01_682f20e4_00508f76ad0ab905e0a1c025701ffb51.jpg,source_7d801d505668e60ac7a40fde,work_0010dc6e0ddcedc62fc0bc8f,ecological_award_image,blocked_unknown,needs_review,uncertain,3840,2160,,,,,,,,
asset_8898518afabfe6b0870b57d4,图包与字体包/图包/中文奖项/Golden Pin/2025/GoldenPin_2025_08_f7493458_image_276ea4.jpeg,source_211ba248ef08f9efe9b817f7,work_b63dd739c7cc401778f7b2d4,ecological_award_image,blocked_unknown,needs_review,uncertain,3508,2480,,,,,,,,
asset_895d138d20bf6815f6581636,图包与字体包/图包/国际奖项/Indigo/2022/Indigo_2022_17_edde53db_midsize-8c0027807711452d7fb325ef0d025740.png,source_3c10c11be971d42f29094a4e,work_1be5fd250dc73f7d99468d2d,ecological_award_image,blocked_unknown,needs_review,uncertain,600,480,,,,,,,,
asset_8992ccbc4d7ada14a98193bc,图包与字体包/图包/中文奖项/Golden Pin/2023/GoldenPin_2023_09_4e68cacd_image_8ffdc4.jpeg,source_30413719cf902d88582b6e9c,work_3e75b9bc4ae701aff63c5dce,ecological_award_image,blocked_unknown,needs_review,uncertain,4409,2480,,,,,,,,
asset_89be66fd765e6a9c7ec7267c,图包与字体包/图包/国际奖项/Indigo/2023/Indigo_2023_01_6ada6522_midsize-4bced441ce4d1293ca1c53f169063371.png,source_b5300c7d7e59de5cfe387006,work_7f8e020f53fa7e9e4f528b55,ecological_award_image,blocked_unknown,needs_review,uncertain,600,450,,,,,,,,
asset_8b5b33cfe205342f0f533513,图包与字体包/图包/中文奖项/Golden Pin/2022/GoldenPin_2022_10_c7529d59_01c9b51e7f0d6aa45e5fa7639962981e.jpg,source_db1be8c9a28b793ca6bc8a7e,work_b817642f37b0682b513f5e48,ecological_award_image,blocked_unknown,needs_review,uncertain,2000,1336,,,,,,,,
asset_8b90df1a90f6e116d4374920,图包与字体包/图包/国际奖项/Indigo/2020/Indigo_2020_18_236d62e3_235234a64f3b113a2b75f0b0e28b4e22.jpg,source_884579fceb8c0730df3690ba,work_36a21e01761b53fca8564b21,ecological_award_image,blocked_unknown,needs_review,uncertain,2100,1497,,,,,,,,
asset_8daa7a74a8d0c10b5670f48a,图包与字体包/图包/国际奖项/WOLDA/2020/WOLDA_2020_10_bfa0ccd6_12th-WOLDA-Cat-216.jpg,source_594c55d2230f6aacfd52a983,work_594c55d2230f6aacfd52a983,ecological_award_image,blocked_unknown,needs_review,project_board_or_poster,1240,874,,,,,,,,
asset_8dff763feaaba9df90c9d715,图包与字体包/图包/国际奖项/Indigo/2023/Indigo_2023_18_8798a394_original-e1e7bff2177c4d3ee3cf4e6d41fa766d.gif,source_2c69b53b74b98634f3750190,work_59f4bf2f835d9828f15cc0a3,ecological_award_image,blocked_unknown,needs_review,uncertain,650,520,,,,,,,,
asset_8e3367240fec97823fea1db1,图包与字体包/图包/国际奖项/Indigo/2024/Indigo_2024_16_868bce34_YwsTqkbqFGhhHyqnYZDbThhK.png,source_f313caf6ef8329d9a0c4e6ae,work_a905e4f28737bd097cfed267,ecological_award_image,blocked_unknown,needs_review,uncertain,1080,600,,,,,,,,
asset_8e3707ea149264500d823694,图包与字体包/字体包/片假名/MPLUS1p-Regular.ttf,source_font_6c3ec627f81f4f96f143bb3a,,font_file,blocked_unknown,passed,,,,,,,,,,,
asset_8e3cbc6341e1f8ed35b5f24b,图包与字体包/图包/中文奖项/GDC/2023/GDC_2023_02_82374636_39a4a99377c813cd79c5b23856bc76ac.webp,source_119282287e5ad3143a873a01,work_4a8afa9f89266ecf92ff287e,ecological_award_image,blocked_unknown,needs_review,uncertain,1060,749,,,,,,,,
asset_8f3e1120e9419837896783dd,图包与字体包/图包/中文奖项/Golden Pin/2023/GoldenPin_2023_08_297743d8_image_bc7947.jpeg,source_8a5d8335e0fa6f29fe85360e,work_fafe901974774bc721e7206b,ecological_award_image,blocked_unknown,needs_review,uncertain,2953,2126,,,,,,,,
asset_9330b3e2db22c780bf596144,图包与字体包/图包/中文奖项/GDC/2021/GDC_2021_01_f6a6e852_1ca0485aef86434377c5cca51be3e5cd.webp,source_a9f3b442e313fb6950954721,work_7affadb6eb5f154bebfd024c,ecological_award_image,blocked_unknown,needs_review,uncertain,1060,749,,,,,,,,
asset_93a019f1bd0a3e80615422f3,图包与字体包/图包/中文奖项/Golden Pin/2022/GoldenPin_2022_07_cc7c220c_0e87fdbb66f4c8b9ac16ed9bae7ddfb1.jpg,source_f8b2a0fb54fcff024dcdce68,work_46e0d86d5d40e1dc5dd118f8,ecological_award_image,blocked_unknown,needs_review,uncertain,1920,1180,,,,,,,,
asset_93ab17d8d12c6fa2b4bb7a74,图包与字体包/图包/中文奖项/Golden Pin/2025/GoldenPin_2025_09_97ea6c90_image_e77c52.jpeg,source_2091f84c702773ad1ccea1ae,work_ef94acc5c5d4aef168b82a18,ecological_award_image,blocked_unknown,needs_review,uncertain,2847,1600,,,,,,,,
asset_946bce70611a22826235d051,图包与字体包/图包/国际奖项/Indigo/2020/Indigo_2020_12_2744aac9_midsize-2941b6a70871a53f77ae76f90e8e090f.jpg,source_642c65add0000824afa32fc9,work_d9dcf7bbb8daed9d6b2d6557,ecological_award_image,blocked_unknown,needs_review,uncertain,600,375,,,,,,,,
asset_948be42707b39f3b1e6e960c,图包与字体包/图包/中文奖项/GDC/2021/GDC_2021_02_571bf314_b7481c29ea7b6c7a5fed785f33ccfd44.webp,source_3c5dd11ce82def46b5b157c5,work_78bda9bf4d2692a11f902eea,ecological_award_image,blocked_unknown,needs_review,uncertain,756,1080,,,,,,,,
asset_9642b505c370a72ef059d606,图包与字体包/图包/中文奖项/DFA/2021/DFA_2021_10_7b86e172_application_20211011_1B3Pk.jpg,source_a1d2bb588848136796b210a2,work_818900b26bd54066286e521b,ecological_award_image,blocked_unknown,needs_review,uncertain,6000,4002,,,,,,,,
asset_9820ce7668748cb6628f8ad0,图包与字体包/图包/中文奖项/GDC/2025/GDC_2025_03_1533_23351-1j6j0UqvWxHJcowkUjBWGHiKaCWpeqUPlkiITSUL9AlQp95d.jpg,source_fa8ba045eb98732d4c2daf76,work_4e8519d1ce64c2aa8019c590,ecological_award_image,blocked_unknown,needs_review,uncertain,3508,2480,,,,,,,,
asset_984af216e6dac24ce5c2c0cc,图包与字体包/图包/中文奖项/Golden Pin/2025/GoldenPin_2025_01_1e51027f_image_fb0783.jpeg,source_aa80a4f65cef1b780446ef6e,work_2f5a1fec016164d6fb6f4e70,ecological_award_image,blocked_unknown,needs_review,uncertain,4093,2894,,,,,,,,
asset_985b493faecfbabe4e98c62e,图包与字体包/图包/中文奖项/DFA/2023/DFA_2023_02_9e4cfc0e_application_20231027_VMJPf.jpg,source_f66b8953a564341d0a4d7211,work_f292d63c14f9183d1201c38d,ecological_award_image,blocked_unknown,needs_review,uncertain,2499,1407,,,,,,,,
asset_98989a52055def274114c66b,图包与字体包/图包/中文奖项/DFA/2021/DFA_2021_07_374b325e_application_20211011_J3k04.jpg,source_55bcb044964d4ff88e9117bf,work_b79939ac187576a3538b89f1,ecological_award_image,blocked_unknown,needs_review,uncertain,2400,1350,,,,,,,,
asset_98cb7ff2210c3d16b6f69799,图包与字体包/图包/中文奖项/DFA/2024/DFA_2024_12_b8697077_application_20241031_3qwAJ.jpg,source_fa9c68125ab973c8eb20c222,work_0e18af8ff5c5e1e28446f71a,ecological_award_image,blocked_unknown,needs_review,uncertain,3508,2480,,,,,,,,
asset_9a25da6ad4548246720eb948,图包与字体包/图包/中文奖项/Golden Pin/2023/GoldenPin_2023_18_84eda414_image_f14ba1.jpeg,source_bd6335f9914ab211a07896ad,work_b15b3fb1ebb81cfa1c6c1738,ecological_award_image,blocked_unknown,needs_review,uncertain,4092,2893,,,,,,,,
asset_9aab76b0872b733ee9651d02,图包与字体包/图包/国际奖项/WOLDA/2020/WOLDA_2020_13_63673ec1_12th-WOLDA-Cat-219.jpg,source_7ba7ce1f48ff18a48161cbd5,work_7ba7ce1f48ff18a48161cbd5,ecological_award_image,blocked_unknown,needs_review,project_board_or_poster,1240,874,,,,,,,,
asset_9aaecc6cf51f19e9d3da0d11,图包与字体包/图包/国际奖项/Indigo/2020/Indigo_2020_07_de6f4290_c749c10dab0744f2863536c9caac6223.jpg,source_36d37e6d2420b2a959208e5e,work_714b9cb6c8a7759ab034ed66,ecological_award_image,blocked_unknown,needs_review,uncertain,1867,1867,,,,,,,,
asset_9afde318051847e7397615bc,图包与字体包/图包/中文奖项/GDC/2025/GDC_2025_14_1531_24343-dANJcTGQf85gPrZS94SR8cZYYEuF5TAxBDW0orCpBNguIvP1.jpg,source_025e79829e55a1d0505f88b8,work_93bab4bb0bc2a6e5ab797757,ecological_award_image,blocked_unknown,needs_review,uncertain,1754,2481,,,,,,,,
asset_9be6b35dff0af4bf4ba5bcb7,图包与字体包/图包/中文奖项/Golden Pin/2024/GoldenPin_2024_17_5e0bd228_image_653dcc.jpeg,source_5bc65bb63062dd402e574e90,work_a4ecefc156bc6bf0552ff545,ecological_award_image,blocked_unknown,needs_review,uncertain,2917,1875,,,,,,,,
asset_9c252227ac946342e5fec39f,图包与字体包/图包/国际奖项/Indigo/2022/Indigo_2022_03_ef6efae9_midsize-b3d22bff9b8116a2e64cd2f4ba707731.jpg,source_53acb41afbcc0104510fa26b,work_0b4ecda8e64305cc3b7119d7,ecological_award_image,blocked_unknown,needs_review,uncertain,600,400,,,,,,,,
asset_9cf0bd2ea17593f9f4f4d470,图包与字体包/图包/国际奖项/WOLDA/2023/WOLDA_2023_13_af081d02_15-WOLDA-Cat-219.jpg,source_92a3ca23157f024c0dc8ff0a,work_92a3ca23157f024c0dc8ff0a,ecological_award_image,blocked_unknown,needs_review,project_board_or_poster,1240,874,,,,,,,,
asset_9d012d095ac4350ff42fe7f5,图包与字体包/图包/国际奖项/WOLDA/2022/WOLDA_2022_07_9e16aeae_14-WOLDA-Results-Cat-213.jpg,source_3a658c34dc168e8f2bc31e52,work_3a658c34dc168e8f2bc31e52,ecological_award_image,blocked_unknown,needs_review,project_board_or_poster,1240,874,,,,,,,,
asset_9d788f751817b13e2209093e,图包与字体包/图包/国际奖项/Indigo/2023/Indigo_2023_15_a6bcd4d9_KtBAEpvP4PPp341Mu4z5Dms1.png,source_d8fab92fcf99b38abcb477ce,work_8f91b3ac643b45bb95ee2c14,ecological_award_image,blocked_unknown,needs_review,uncertain,1600,1200,,,,,,,,
asset_9dae2a223f23c72313c71817,图包与字体包/图包/中文奖项/GDC/2023/GDC_2023_01_b764a427_06e7875845a74b2398bbe37491c71aba.webp,source_80542031f9a7c95061d54cad,work_064beeed930b3ee289409b09,ecological_award_image,blocked_unknown,needs_review,uncertain,1060,749,,,,,,,,
asset_9dd6fe37b76659bed623349b,图包与字体包/图包/国际奖项/Indigo/2022/Indigo_2022_02_40c7a55c_midsize-ca76a5afa3bb7a1ddbee31e6fd21f6a7.png,source_ea022a6d2bc7d2b96d030f59,work_019f62835808fac556df5386,ecological_award_image,blocked_unknown,needs_review,uncertain,600,425,,,,,,,,
asset_9de877b76e0cd9602bc406aa,图包与字体包/图包/国际奖项/Indigo/2021/Indigo_2021_11_0d8e97b1_2fe375f41ef6dbfdf5354d3c9665e0eb.jpg,source_0a488c181c98b3a63918ef3f,work_5e43e8603696133fe5a5d6e9,ecological_award_image,blocked_unknown,needs_review,uncertain,1920,1080,,,,,,,,
asset_9dfcbd1752f17b4915a23456,图包与字体包/图包/国际奖项/WOLDA/2023/WOLDA_2023_09_857fafda_15-WOLDA-Cat-215.jpg,source_4f79751f2a1b115f91551464,work_4f79751f2a1b115f91551464,ecological_award_image,blocked_unknown,needs_review,project_board_or_poster,1240,874,,,,,,,,
asset_9ed359f00e0aacb0eea78709,图包与字体包/图包/中文奖项/GDC/2025/GDC_2025_08_1274_22558-amtRXkDHOC1lL8IqcBwrMxDr0OlCBuyWpNwwb9qAPpolJWH8.jpg,source_c69494a4b86bbc723ba81f1e,work_f4674f78296b9247e197d9ce,ecological_award_image,blocked_unknown,needs_review,uncertain,4000,2668,,,,,,,,
asset_9f401f251ebc56222a1c1686,图包与字体包/图包/国际奖项/Indigo/2024/Indigo_2024_03_98917b70_U4K3eprZhKQfiuic26ce2GJx.png,source_882902472bc900a5cd236361,work_89e6c92d3c829bbb8acfe5d9,ecological_award_image,blocked_unknown,needs_review,uncertain,1080,600,,,,,,,,
asset_9fc7745f03fd68d0ff586124,图包与字体包/字体包/拉丁文字/Lato-Regular.ttf,source_font_aec3e9c2530d7b847e88bee5,,font_file,blocked_unknown,passed,,,,,,,,,,,
asset_9fcac41bfcb1613bf7f520c2,图包与字体包/图包/国际奖项/Indigo/2022/Indigo_2022_14_953535bf_e483241ed4662a5d4267443b78e8b64f.jpg,source_f9167dd3f85a2dd3d88eca01,work_e6596c38f112cc7dda67bd1f,ecological_award_image,blocked_unknown,needs_review,uncertain,1300,867,,,,,,,,
asset_a04dfddc2c9e8e4df17b8cba,图包与字体包/图包/中文奖项/Golden Pin/2022/GoldenPin_2022_13_d2b92b79_0741a00f307d84a715abc3ce1e559dab.jpg,source_a9517cf06dea3047f9d0c581,work_58d301e53ed51d276b63dc18,ecological_award_image,blocked_unknown,needs_review,uncertain,3509,2481,,,,,,,,
asset_a0ad868a1e37d35130b99e6c,图包与字体包/图包/中文奖项/Golden Pin/2025/GoldenPin_2025_14_a0b79f4f_image_e82d58.jpeg,source_19c3f8cf93f7ff9279b9ea46,work_2af594ed5484634f77df21a9,ecological_award_image,blocked_unknown,needs_review,uncertain,3555,2528,,,,,,,,
asset_a1808e2f7ce2e8dbf7edfe3d,图包与字体包/字体包/韩文/NotoSansKR-Variable.ttf,source_font_69258fab2d024fa14a83fa5f,,font_file,blocked_unknown,passed,,,,,,,,,,,
asset_a29a78ad1267f319a809e8e7,图包与字体包/图包/国际奖项/WOLDA/2020/WOLDA_2020_02_0f6d1ac3_12th-WOLDA-Cat-1106-1.jpg,source_4a9898111df04039035d81e4,work_4a9898111df04039035d81e4,ecological_award_image,blocked_unknown,needs_review,project_board_or_poster,1240,874,,,,,,,,
asset_a44d95d0558d61574f6e72d8,图包与字体包/图包/国际奖项/Indigo/2024/Indigo_2024_11_90395792_eem4H5DNkAWZM3apiVpyAJ5V.png,source_3bd6a43b3441706607c0e2c5,work_b0f7decf11361a6eb6aca51a,ecological_award_image,blocked_unknown,needs_review,uncertain,1080,600,,,,,,,,
asset_a482ce3bafe1e6ac79d49649,图包与字体包/图包/中文奖项/GDC/2023/GDC_2023_02_b6700236_1578b34cd2ac7842a2c81cbf11ddf114.webp,source_1797792e29f9a4a49a96edfd,work_467768f9377ca12c361ba6af,ecological_award_image,blocked_unknown,needs_review,uncertain,1060,1498,,,,,,,,
asset_a4a23695222f05800987123c,图包与字体包/图包/中文奖项/Golden Pin/2025/GoldenPin_2025_18_7c4c557c_image_dcac9d.jpeg,source_e7fbd513052e5e7cfaae320d,work_0214c9cff673ab5fe8ce7963,ecological_award_image,blocked_unknown,needs_review,uncertain,6189,4231,,,,,,,,
asset_a60a19d6e234bc7830eec2ea,图包与字体包/图包/中文奖项/Golden Pin/2024/GoldenPin_2024_18_3fa57b7b_image_99b72f.jpeg,source_5bda46f3a5f95befdd621e96,work_f6ee6877983c8a67b4312d4a,ecological_award_image,blocked_unknown,needs_review,uncertain,2480,1748,,,,,,,,
asset_a6991f36f5697254143a390f,图包与字体包/图包/国际奖项/Indigo/2020/Indigo_2020_02_6a7b1f0d_6d239ce29ca95be4601bff38cd5151c5.jpg,source_b035cd181bf11e2b12b887a9,work_7db428d41b2cc268ed826051,ecological_award_image,blocked_unknown,needs_review,uncertain,2000,740,,,,,,,,
asset_a73e770ba925bbc6224aa7b8,图包与字体包/图包/国际奖项/WOLDA/2024/WOLDA_2024_15_48e500c2_16-WOLDA-Results-Cat-237.jpg,source_8bec3b0449b740289893f569,work_8bec3b0449b740289893f569,ecological_award_image,blocked_unknown,needs_review,project_board_or_poster,1276,1276,,,,,,,,
asset_a7b5fe881755c80d934e7aaa,图包与字体包/图包/中文奖项/DFA/2024/DFA_2024_04_b92c209d_application_20241030_O23rQ.jpg,source_9c789b55d0a018da620c70a6,work_ba4bcb2e5b770f6db163c0f5,ecological_award_image,blocked_unknown,needs_review,uncertain,4800,3403,,,,,,,,
asset_a82bde32c9a9373e17e3e364,图包与字体包/图包/中文奖项/Golden Pin/2022/GoldenPin_2022_09_75de342c_cbbf06f1e16001912e003a8ba3ed43bb.jpg,source_904a58f35c2a4ebd2e59727a,work_c4bafe64d2777221a9ae540b,ecological_award_image,blocked_unknown,needs_review,uncertain,1200,1800,,,,,,,,
asset_a8b437163a2d14b7a3fdc232,图包与字体包/图包/中文奖项/GDC/2025/GDC_2025_07_1275_27005-rfR35ARdjpeLgafDfgmrap0hIyvDdlr9OHyZgGbmA31L6QeO.jpg,source_d07deea8829ec53ca35d827c,work_a48f6034ba1cb420e671dc35,ecological_award_image,blocked_unknown,needs_review,uncertain,1200,1698,,,,,,,,
asset_a961f9a8687a55c5327d32ba,图包与字体包/图包/国际奖项/Indigo/2021/Indigo_2021_15_cc015d08_3b1d3e88fe5e4d3d7d2ad96e3fa85868.jpg,source_18d30d705136b329ddaf0750,work_236df21ee9338d32b48cc524,ecological_award_image,blocked_unknown,needs_review,uncertain,1600,900,,,,,,,,
asset_aa51d5266753f21aeb01fdab,图包与字体包/图包/国际奖项/Indigo/2022/Indigo_2022_06_8f592570_bf4160c5e08baf25a3cb40144d74d990.jpg,source_c6198c2c0e9e7c40cbbdb276,work_4371b451b9fda8a710b529ac,ecological_award_image,blocked_unknown,needs_review,uncertain,3600,2905,,,,,,,,
asset_ab3a5c38dc9e92d61ffed88b,图包与字体包/图包/中文奖项/DFA/2023/DFA_2023_12_fb205797_application_20231024_jBiZO.jpg,source_72ffc539aa540f619cb9b1a5,work_f117c9d2920cf326e10bbd36,ecological_award_image,blocked_unknown,needs_review,uncertain,3072,4961,,,,,,,,
asset_adede14704dc3c8600cbd02a,图包与字体包/图包/中文奖项/DFA/2021/DFA_2021_16_185a85c6_application_20211011_D3oHz.JPG,source_76715da348435330175e9438,work_0c38f7a6f6ef021b585ba3f5,ecological_award_image,blocked_unknown,needs_review,uncertain,4252,2835,,,,,,,,
asset_ae62b9ee40cb66f73447507f,图包与字体包/图包/中文奖项/Golden Pin/2024/GoldenPin_2024_06_d73f6f38_image_c36a17.jpeg,source_aabf236335417d3856aa9183,work_7ed58ace87799295cf00ac54,ecological_award_image,blocked_unknown,needs_review,uncertain,3508,2480,,,,,,,,
asset_ae823bdb5b4670a2aa8b0faa,图包与字体包/图包/国际奖项/Indigo/2020/Indigo_2020_11_4a0ba224_d2588afa5e28fdf8611f73c11ec82f81.jpg,source_d4a49b682b96b30fc453f7c5,work_8b1295e150cf2320de1f184b,ecological_award_image,blocked_unknown,needs_review,uncertain,3508,2480,,,,,,,,
asset_ae916e0363ec6f648c16217e,图包与字体包/图包/中文奖项/Golden Pin/2025/GoldenPin_2025_16_32efd78c_image_72c7d5.jpeg,source_4aa859da9f1666ad787d4ee0,work_7c2b805e4a6cf8a3af1a8a0e,ecological_award_image,blocked_unknown,needs_review,uncertain,3600,2400,,,,,,,,
asset_af0d083ef1940e6e04478635,图包与字体包/图包/国际奖项/WOLDA/2023/WOLDA_2023_14_04f454df_15-WOLDA-Cat-22.jpg,source_d91b1d9fd99cd2fdccee2429,work_d91b1d9fd99cd2fdccee2429,ecological_award_image,blocked_unknown,needs_review,project_board_or_poster,1240,874,,,,,,,,
asset_af16ee65449599736e39c3c8,图包与字体包/图包/中文奖项/GDC/2023/GDC_2023_01_46f64a8f_3b13ff61818b6ffdb7a4d1e47c57ae41.webp,source_42cc6bf8b364de26670fbf21,work_ef3da8179da27e859aa4d40d,ecological_award_image,blocked_unknown,needs_review,uncertain,1060,1499,,,,,,,,
asset_af7f2646bd2017e6b9ab7b65,图包与字体包/图包/中文奖项/Golden Pin/2022/GoldenPin_2022_15_c684d206_30c9b02ad40cfca9a4ab9e5de1c9c299.jpg,source_9962089a61ba9df28d3381b8,work_1f50507975d5c9505a77da68,ecological_award_image,blocked_unknown,needs_review,uncertain,2878,1980,,,,,,,,
asset_af89b4bdfdafeb620c4aef7f,图包与字体包/图包/国际奖项/Indigo/2024/Indigo_2024_02_6cbc3095_FCGjtY5EMrzMUwo2AxzjEP98.png,source_a0b2d23d1f6c2c803c8ba6de,work_40eba02eec8ec629e0196d9b,ecological_award_image,blocked_unknown,needs_review,uncertain,1080,600,,,,,,,,
asset_af8b8f0fbe2e4ee971f16fc9,图包与字体包/图包/中文奖项/DFA/2020/DFA_2020_03_6ba58c29_application_20201016_PgTOP.jpg,source_d29586df13a071d830125e43,work_36f6fce3ed43879cc647c576,ecological_award_image,blocked_unknown,needs_review,uncertain,2500,1768,,,,,,,,
asset_b2b58bedb164993daf98261c,图包与字体包/图包/中文奖项/DFA/2022/DFA_2022_13_f6d1a63d_application_20220926_n8DGM.png,source_916869c1163da0f00f1dddad,work_aa9a09d37ae4831ee401367a,ecological_award_image,blocked_unknown,needs_review,uncertain,2400,2400,,,,,,,,
asset_b416fd0ab39ba75ce13e605c,图包与字体包/图包/中文奖项/DFA/2021/DFA_2021_12_b3fc62c1_application_20211011_XgNOP.jpg,source_3de08e682408bc159a416e50,work_5ac685c3aa61dc686274e962,ecological_award_image,blocked_unknown,needs_review,uncertain,3394,2400,,,,,,,,
asset_b4720ad022492e881c77f7f1,图包与字体包/图包/中文奖项/DFA/2024/DFA_2024_06_b2a921ba_application_20241030_U5beM.jpg,source_520f2a105853ebf0934d7be8,work_bf647610b95f2bbe99a98ed3,ecological_award_image,blocked_unknown,needs_review,uncertain,3600,2400,,,,,,,,
asset_b49e58df9698e7295febb403,图包与字体包/图包/国际奖项/WOLDA/2020/WOLDA_2020_09_7203b041_12th-WOLDA-Cat-215.jpg,source_0609fcad3a5e0ed206f02124,work_0609fcad3a5e0ed206f02124,ecological_award_image,blocked_unknown,needs_review,project_board_or_poster,1240,874,,,,,,,,
asset_b4ece41765870401bc4c4847,图包与字体包/图包/中文奖项/Golden Pin/2023/GoldenPin_2023_04_35da42c7_image_89738b.jpeg,source_4cc04abb01d9b1b2c184abf2,work_73e714b89740e9bd6577234f,ecological_award_image,blocked_unknown,needs_review,uncertain,3721,2480,,,,,,,,
asset_b6a6d23fa9a69fcf04cc5ca5,图包与字体包/图包/国际奖项/Indigo/2024/Indigo_2024_09_8228bcd9_BQPJgcMyuw1zfaQDrZWHRXTU.png,source_8816f4b7bf5624f9dac9cd4b,work_cb6b63c58e0cb91b74a3db3b,ecological_award_image,blocked_unknown,needs_review,uncertain,1080,600,,,,,,,,
asset_b7374c6e9e76b4e2906d55b6,图包与字体包/图包/国际奖项/WOLDA/2024/WOLDA_2024_13_fb49af55_16-WOLDA-Results-Cat-233.jpg,source_2ba2bda8524a97f7cdc22788,work_2ba2bda8524a97f7cdc22788,ecological_award_image,blocked_unknown,needs_review,project_board_or_poster,1276,1276,,,,,,,,
asset_b7495ea510ffe41b83d8bb8c,图包与字体包/图包/中文奖项/Golden Pin/2024/GoldenPin_2024_05_91f49174_image_512eea.jpeg,source_e678f70149d366c482e6e278,work_eeab4d5730ecc2cc9f2b44b3,ecological_award_image,blocked_unknown,needs_review,uncertain,3509,2481,,,,,,,,
asset_b7db92c244467c0af02d8889,图包与字体包/图包/国际奖项/Indigo/2022/Indigo_2022_01_b48565de_midsize-520db1b797024bd15b8223b06a7d8ff7.png,source_ed4f29f20d4e7dc053453a58,work_3c72c85a0df1bfdd39c83f4e,ecological_award_image,blocked_unknown,needs_review,uncertain,600,338,,,,,,,,
asset_b8580a3bf89a6574054305bf,图包与字体包/图包/中文奖项/GDC/2025/GDC_2025_11_1271_26193-NbsJD6TF2P9QZdSORm4wxIx0cduVpdCkCeVSFsYJcmjKb2tE.jpg,source_322d26c641b823aed653cadb,work_6c76f3264ad90c60c9e08a45,ecological_award_image,blocked_unknown,needs_review,uncertain,3648,5472,,,,,,,,
asset_b987fb315a3cd7d930cf57b8,图包与字体包/图包/中文奖项/Golden Pin/2024/GoldenPin_2024_16_0266658c_image_7ba93d.jpeg,source_91d1a76a6475024af17bdb50,work_ed05b4855c07fce5d7eb4512,ecological_award_image,blocked_unknown,needs_review,uncertain,4468,6702,,,,,,,,
asset_ba800234d31750a2899a9db0,图包与字体包/图包/国际奖项/WOLDA/2020/WOLDA_2020_15_f763ae71_12th-WOLDA-Cat-220.jpg,source_bed877f2a7eba1a9c2848d83,work_bed877f2a7eba1a9c2848d83,ecological_award_image,blocked_unknown,needs_review,project_board_or_poster,1240,874,,,,,,,,
asset_bae06a235857a39684127d2f,图包与字体包/图包/国际奖项/Indigo/2024/Indigo_2024_18_5e00ab1f_tNFYS9EiqkQw71a74rcbR3dJ.png,source_bfb4a7d6b9e9f16ccca7bf64,work_a82010e43244077f77f38020,ecological_award_image,blocked_unknown,needs_review,uncertain,1080,600,,,,,,,,
asset_bae15a8067f7047efbe14742,图包与字体包/图包/国际奖项/WOLDA/2021/WOLDA_2021_08_52c0059b_13-WOLDA-Cat-213.jpg,source_cc2c1ee62824a90520116b73,work_cc2c1ee62824a90520116b73,ecological_award_image,blocked_unknown,needs_review,project_board_or_poster,1240,874,,,,,,,,
asset_bb99aa474cdd55e77cb093c8,图包与字体包/图包/中文奖项/DFA/2022/DFA_2022_04_fb43ccdd_application_20220926_31vOp.jpg,source_041daf9c5a492dd0406cd7c1,work_063e70c03c7d7ce1329e0710,ecological_award_image,blocked_unknown,needs_review,uncertain,2600,1733,,,,,,,,
asset_bd02bd2fb26c7a1a913ab389,图包与字体包/图包/中文奖项/GDC/2021/GDC_2021_02_b04f0394_72602c62b7362d1f0165ec0b5f535a90.webp,source_483a0c39665ef248de142851,work_7affadb6eb5f154bebfd024c,ecological_award_image,blocked_unknown,needs_review,uncertain,1060,749,,,,,,,,
asset_bd98d897298080f8a9dad1f4,图包与字体包/图包/国际奖项/WOLDA/2024/WOLDA_2024_03_acce3edb_16-WOLDA-Results-Cat-213.jpg,source_bf32193bd1f10f0b66133db0,work_bf32193bd1f10f0b66133db0,ecological_award_image,blocked_unknown,needs_review,project_board_or_poster,1276,1276,,,,,,,,
asset_bdf6540c36cc812cc79b65bd,图包与字体包/图包/中文奖项/Golden Pin/2024/GoldenPin_2024_07_6d736d68_image_1eae27.jpeg,source_f4cabd541479fe1fbe464412,work_abbf30dbcf50ea04422d27b1,ecological_award_image,blocked_unknown,needs_review,uncertain,3508,2480,,,,,,,,
asset_bf809d9e644a37fa7eb4b856,图包与字体包/图包/国际奖项/Indigo/2023/Indigo_2023_05_90613476_midsize-7051ca6ed0029758ee9b61e4fe0b919c.jpg,source_330ef9a8dd655e756b35c36d,work_a19591981a64605284a284e3,ecological_award_image,blocked_unknown,needs_review,uncertain,600,543,,,,,,,,
asset_bfb0ccee683da6b07507475f,图包与字体包/图包/国际奖项/WOLDA/2022/WOLDA_2022_04_1b74a468_14-WOLDA-Results-Cat-210.jpg,source_4f774b357c1d2c6f80c9d324,work_4f774b357c1d2c6f80c9d324,ecological_award_image,blocked_unknown,needs_review,project_board_or_poster,1240,874,,,,,,,,
asset_c089675dc2c42f92fd4e0ac2,图包与字体包/图包/国际奖项/WOLDA/2021/WOLDA_2021_06_7b2164fa_13-WOLDA-Cat-211.jpg,source_ca4bf8525d66ff28c9d061cc,work_ca4bf8525d66ff28c9d061cc,ecological_award_image,blocked_unknown,needs_review,project_board_or_poster,1240,874,,,,,,,,
asset_c09b273a204c5e490e6d6951,图包与字体包/图包/中文奖项/Golden Pin/2023/GoldenPin_2023_03_36b8772b_image_a6e6b2.jpeg,source_af47117edf1079685b03ab76,work_4ad17140e07b70ae00634090,ecological_award_image,blocked_unknown,needs_review,uncertain,3720,2480,,,,,,,,
asset_c0a2b9d575ae2097aaad4b63,图包与字体包/图包/国际奖项/Indigo/2020/Indigo_2020_05_eeb9a79f_1ed3b8269ddb5f18ebcf1e6ba3efed4a.jpg,source_3bdcd50aad1043932ef21271,work_312ea5e183ed51efca59c6ba,ecological_award_image,blocked_unknown,needs_review,uncertain,5833,3917,,,,,,,,
asset_c100472456e1a99242c306bd,图包与字体包/图包/中文奖项/DFA/2024/DFA_2024_11_a2826bc7_application_20241031_H2LeG.jpg,source_43a77472ef00c293d38e350d,work_5ab01f41e6364903f03a500c,ecological_award_image,blocked_unknown,needs_review,uncertain,2400,3199,,,,,,,,
asset_c148239a967fb301fdd60402,图包与字体包/图包/国际奖项/WOLDA/2021/WOLDA_2021_15_13dd18d0_13-WOLDA-Cat-22.jpg,source_a8adf71f4fda7acb65ba7053,work_a8adf71f4fda7acb65ba7053,ecological_award_image,blocked_unknown,needs_review,project_board_or_poster,1240,874,,,,,,,,
asset_c21c6719c9abaa728a9a41a5,图包与字体包/图包/中文奖项/Golden Pin/2022/GoldenPin_2022_04_91587fc5_2e05bf1b9680006d9c135bf28f803993.jpg,source_3c13f980f4fa78d825f513d6,work_b4db5a1612abce05acff8052,ecological_award_image,blocked_unknown,failed,uncertain,6250,8334,,,,,,,,
asset_c3967562324e262cd83865c7,图包与字体包/图包/中文奖项/GDC/2023/GDC_2023_01_cd792664_00fedb0f076b778bf3fb6677de8b4e37.webp,source_ac74d16010ad72691672c9cb,work_b77837c6b3aa5be2f10905ce,ecological_award_image,blocked_unknown,needs_review,uncertain,1060,742,,,,,,,,
asset_c3a96e46c18737a9bad0f352,图包与字体包/图包/中文奖项/GDC/2021/GDC_2021_02_bf54861a_2265f823672eed20f23d7aa41b1394c4.webp,source_c888d36b9dbdb4da5f192b64,work_94a36c7940dfa8f67716df51,ecological_award_image,blocked_unknown,needs_review,uncertain,1060,749,,,,,,,,
asset_c4190b25a3df40128572f3d7,图包与字体包/图包/中文奖项/Golden Pin/2025/GoldenPin_2025_15_60f20e39_image_9ba205.jpeg,source_2c3d326ccbebad8e571fbaf9,work_7c6b71370fccfe96d3482243,ecological_award_image,blocked_unknown,needs_review,uncertain,3508,2480,,,,,,,,
asset_c4b43d77d6ca4bbb0b957831,图包与字体包/字体包/韩文/NotoSerifKR-Regular.otf,source_font_87149c140205751f9d77cb7d,,font_file,blocked_unknown,passed,,,,,,,,,,,
asset_c592b65f157c6253c639c3f1,图包与字体包/图包/国际奖项/Indigo/2023/Indigo_2023_10_d606bd75_midsize-b6ca80d38752d802b7c2c2a8b39ee67f.jpg,source_3b88299f608b638478677ee8,work_082f431ebd0d4a92641e042d,ecological_award_image,blocked_unknown,needs_review,uncertain,600,372,,,,,,,,
asset_c602d496e37ebc2657e27f2d,图包与字体包/图包/中文奖项/DFA/2023/DFA_2023_04_046515e1_application_20231024_5LY7P.jpg,source_d2cbb0056e7ea9070298aeae,work_4eed3e052485d78859e6cf69,ecological_award_image,blocked_unknown,needs_review,uncertain,1870,2497,,,,,,,,
asset_c6c06de4eb6337bf858bc704,图包与字体包/图包/国际奖项/WOLDA/2023/WOLDA_2023_07_94357ccc_15-WOLDA-Cat-213.jpg,source_0fe6be3098c7c77028034ccd,work_0fe6be3098c7c77028034ccd,ecological_award_image,blocked_unknown,needs_review,project_board_or_poster,1240,874,,,,,,,,
asset_c723a68fa3f24e789b5b28b5,图包与字体包/图包/中文奖项/GDC/2021/GDC_2021_01_2b3109e8_bd96632db238b11c9fe0a76aee07614c.webp,source_4fa34466d422da365da421f3,work_4a167d35d7c16b24376a3442,ecological_award_image,blocked_unknown,needs_review,uncertain,764,1080,,,,,,,,
asset_c76a28d8f3ddf6391ff72e7a,图包与字体包/图包/中文奖项/DFA/2023/DFA_2023_03_b5ee1fcc_application_20231027_NJjoD.jpg,source_07ffa2b611667c54fc3305c5,work_74884e45d6d55257f7ce71ec,ecological_award_image,blocked_unknown,needs_review,uncertain,2499,1663,,,,,,,,
asset_c909e9602abd77db0713cf32,图包与字体包/图包/中文奖项/Golden Pin/2023/GoldenPin_2023_11_80cf8fa4_image_361383.jpeg,source_fad60210fa71e9ed2729f4ea,work_398034a2d391e62ffa666c0d,ecological_award_image,blocked_unknown,needs_review,uncertain,1920,1180,,,,,,,,
asset_cb22e16b5e2910313b3a586e,图包与字体包/图包/国际奖项/WOLDA/2022/WOLDA_2022_02_86f708c6_13-WOLDA-Call-for-Entries.jpg,source_93aa5c860044e7db946e749d,work_93aa5c860044e7db946e749d,ecological_award_image,blocked_unknown,needs_review,duplicate_exact,1240,874,,,,,,,,
asset_cbc61b06f4710c149bc188f5,图包与字体包/图包/中文奖项/DFA/2023/DFA_2023_13_68648741_application_20231024_76L2x.jpg,source_08b3c0206fd0d5fa188d905a,work_d9f239f3fc74bf15e564bb8d,ecological_award_image,blocked_unknown,needs_review,uncertain,4800,3202,,,,,,,,
asset_ccf81ff3f7f48d52c2ac6650,图包与字体包/图包/国际奖项/Indigo/2023/Indigo_2023_09_c92558db_midsize-c2fd09cdfba91e8b64eb207c625e2094.jpg,source_0f6fdd83cdce3be49ea6cc7f,work_ec1db59e7482d472323e63e8,ecological_award_image,blocked_unknown,needs_review,uncertain,600,338,,,,,,,,
asset_cf8284ec3aaa65328437099f,图包与字体包/图包/国际奖项/WOLDA/2023/WOLDA_2023_05_be5878b8_15-WOLDA-Cat-211.jpg,source_75bfab56895a38fca69316bb,work_75bfab56895a38fca69316bb,ecological_award_image,blocked_unknown,needs_review,project_board_or_poster,1240,874,,,,,,,,
asset_cf82d15d9d0b2c353c070f4a,图包与字体包/图包/国际奖项/Indigo/2023/Indigo_2023_16_841af248_4grtCYAcambki3ct1kNfDN4h.png,source_129067a3d762ee331778936b,work_5735473bbc6e5aca96519df4,ecological_award_image,blocked_unknown,needs_review,uncertain,1920,1080,,,,,,,,
asset_cf8c493456d6bbac9b11d181,图包与字体包/图包/国际奖项/WOLDA/2024/WOLDA_2024_10_6411b550_16-WOLDA-Results-Cat-227.jpg,source_5f98d32fc73a5c6ee2afc70e,work_5f98d32fc73a5c6ee2afc70e,ecological_award_image,blocked_unknown,needs_review,project_board_or_poster,1276,1276,,,,,,,,
asset_cff5306fe894b723accf5f31,图包与字体包/图包/中文奖项/DFA/2022/DFA_2022_16_abf28330_application_20220926_DMFBx.jpg,source_68165f529e1585f797e8ffc2,work_d70fc0cef5da053aad45583e,ecological_award_image,blocked_unknown,needs_review,uncertain,2400,1800,,,,,,,,
asset_d0543a6bc94d1cc74107c905,图包与字体包/图包/国际奖项/WOLDA/2021/WOLDA_2021_10_6ee1c757_13-WOLDA-Cat-215.jpg,source_812e00463fa516de49af26db,work_812e00463fa516de49af26db,ecological_award_image,blocked_unknown,needs_review,project_board_or_poster,1240,874,,,,,,,,
asset_d175b3024136da53ee5000d4,图包与字体包/图包/中文奖项/Golden Pin/2024/GoldenPin_2024_01_d2c0c0f5_image_90df2c.jpeg,source_4a8e9c139301d7555a217133,work_4b56fdfdbe9ad59a0056455f,ecological_award_image,blocked_unknown,needs_review,uncertain,3508,2480,,,,,,,,
asset_d1c81502bf8a049d8dabdba7,图包与字体包/图包/国际奖项/WOLDA/2022/WOLDA_2022_13_81e591cc_14-WOLDA-Results-Cat-219.jpg,source_c3dbf5f77df502cb8774f778,work_c3dbf5f77df502cb8774f778,ecological_award_image,blocked_unknown,needs_review,project_board_or_poster,1240,874,,,,,,,,
asset_d22ee9fdf869a36e8bcf3a26,图包与字体包/图包/中文奖项/DFA/2024/DFA_2024_07_8ba0652b_application_20241030_BocTb.jpg,source_031cb4e3967a500b66a9a609,work_d1763b00ec38613be38d238f,ecological_award_image,blocked_unknown,needs_review,uncertain,3200,2400,,,,,,,,
asset_d2abe5306f27d2dfc6c4ca00,图包与字体包/图包/国际奖项/Indigo/2021/Indigo_2021_10_01472696_d9251e806e954d73d08978dc506abd06.png,source_e7dd3bdd97fc551c41e04686,work_a305713f8dfe9f7761165b35,ecological_award_image,blocked_unknown,needs_review,uncertain,1845,860,,,,,,,,
asset_d376cb45a00fb33a097b002a,图包与字体包/图包/中文奖项/DFA/2024/DFA_2024_14_a1c54e69_application_20241031_4fdc7.jpg,source_9c1c9c020d4fd74a538ea53e,work_f04896188703e3678141e413,ecological_award_image,blocked_unknown,needs_review,uncertain,2400,3394,,,,,,,,
asset_d44846c022402b2e59aef4d9,图包与字体包/图包/中文奖项/DFA/2021/DFA_2021_01_a7cc03c4_application_20211011_rIUxU.jpg,source_4df26f4beac45da97ef3b836,work_f2e227d6a7cb175e590aafe7,ecological_award_image,blocked_unknown,needs_review,uncertain,3960,2800,,,,,,,,
asset_d58aee779eb37f05caee9834,图包与字体包/图包/国际奖项/Indigo/2021/Indigo_2021_16_a6e9c2aa_2f48f882331c88cb44bc5d7e93d19b46.png,source_3799f00426eeef6cb63e8f8d,work_1e53e9790db4ebfcc538830e,ecological_award_image,blocked_unknown,needs_review,uncertain,1000,1300,,,,,,,,
asset_d5d943564184248458416b1f,图包与字体包/图包/国际奖项/WOLDA/2023/WOLDA_2023_17_b4106a9d_15-WOLDA-Cat-223.jpg,source_c4f12b0d9e15d0ba4bc840c1,work_c4f12b0d9e15d0ba4bc840c1,ecological_award_image,blocked_unknown,needs_review,project_board_or_poster,1240,874,,,,,,,,
asset_d71dcc918adf7cf00332d069,图包与字体包/图包/国际奖项/WOLDA/2023/WOLDA_2023_16_7fcf474c_15-WOLDA-Cat-221.jpg,source_f02f5edab4516c37fb1068d5,work_f02f5edab4516c37fb1068d5,ecological_award_image,blocked_unknown,needs_review,project_board_or_poster,1240,874,,,,,,,,
asset_d7c13d37e8aa38a4ccf6e715,图包与字体包/图包/中文奖项/DFA/2023/DFA_2023_01_8f3e2e77_application_20231024_YxcT9.jpg,source_5e14c3b0c541aadd669f51f7,work_493398078185448621abda9a,ecological_award_image,blocked_unknown,needs_review,uncertain,2499,1764,,,,,,,,
asset_d7f7afbdaa10d51c0a3e3ea5,图包与字体包/图包/中文奖项/DFA/2023/DFA_2023_14_115646d0_application_20231027_96MF9.jpg,source_1e6ddbee18c186fc42237371,work_13bce54396da87027c8bd781,ecological_award_image,blocked_unknown,needs_review,uncertain,2800,1867,,,,,,,,
asset_d829f990d3aee3098bc730a7,图包与字体包/图包/中文奖项/GDC/2021/GDC_2021_02_763d53c3_3a12b1ad16f528a234415cd8f915fc82.webp,source_1acc58803fd2b2b494620747,work_ec2dd202fd657aeaff5d606a,ecological_award_image,blocked_unknown,needs_review,uncertain,759,1080,,,,,,,,
asset_daf6849df84e68fdaba5c1fa,图包与字体包/图包/国际奖项/Indigo/2022/Indigo_2022_05_0d91d297_29a549a3049343460d318f7fb79683bf.jpg,source_8615dec60709c43a552ca205,work_7f17fcfdd6d510278b68851b,ecological_award_image,blocked_unknown,needs_review,uncertain,2000,1000,,,,,,,,
asset_db61d261df8b3454ec6247d1,图包与字体包/图包/中文奖项/DFA/2020/DFA_2020_15_586f0ed5_application_20201016_IVk9L.jpg,source_c918ab8e93479bf8ca1caa23,work_f5ef48758e8b7e4b4af4320f,ecological_award_image,blocked_unknown,needs_review,uncertain,3840,2160,,,,,,,,
asset_dbbf4311e0918820d2108aae,图包与字体包/图包/国际奖项/WOLDA/2021/WOLDA_2021_12_b002b8d9_13-WOLDA-Cat-217.jpg,source_85756a2867a2bcd21f39b7c0,work_85756a2867a2bcd21f39b7c0,ecological_award_image,blocked_unknown,needs_review,project_board_or_poster,1240,874,,,,,,,,
asset_dbf2683b2b34b1ebc2d7f5c7,图包与字体包/图包/中文奖项/DFA/2020/DFA_2020_09_1669ff13_application_20201016_w0hgU.jpg,source_55f878edcf66e84ff346a88e,work_1d8e43888ad98d777a4b4a3f,ecological_award_image,blocked_unknown,needs_review,uncertain,3000,2122,,,,,,,,
asset_dc273fac07318ae8af2ab018,图包与字体包/字体包/汉字/MaShanZheng-Regular.ttf,source_font_2d375f658e030af23676b3b6,,font_file,blocked_unknown,passed,,,,,,,,,,,
asset_dcba7db49d97a753f0670ed4,图包与字体包/图包/中文奖项/DFA/2023/DFA_2023_10_000a9c1b_application_20231024_ptHrP.jpg,source_c78154b1ba48dfa207378afa,work_84c80cfde4bd194a7e088891,ecological_award_image,blocked_unknown,needs_review,uncertain,2400,1800,,,,,,,,
asset_de17503916aef17bdc16d02b,图包与字体包/图包/国际奖项/WOLDA/2024/WOLDA_2024_14_050e2dd8_16-WOLDA-Results-Cat-235.jpg,source_dc2dc8c396f71fec25c39115,work_dc2dc8c396f71fec25c39115,ecological_award_image,blocked_unknown,needs_review,project_board_or_poster,1276,1276,,,,,,,,
asset_df25aa050a8538d51a10a46f,图包与字体包/图包/国际奖项/Indigo/2022/Indigo_2022_09_8336db61_midsize-cf2c80daa2790ed6b1fcc2c3d27d6436.png,source_f2b22003964dd94702229672,work_b66d514c8833ba8cd435d693,ecological_award_image,blocked_unknown,needs_review,uncertain,600,338,,,,,,,,
asset_dfcc30bd6f44654df5b8e641,图包与字体包/图包/中文奖项/DFA/2024/DFA_2024_10_7dab365d_application_20241031_fHJ4X.jpg,source_e3ebe209f4206e5519f4fca8,work_e8da09f0afea048bb9954dee,ecological_award_image,blocked_unknown,needs_review,uncertain,2400,2400,,,,,,,,
asset_e057cdac3129a2ea9f670ec4,图包与字体包/图包/国际奖项/Indigo/2021/Indigo_2021_12_ac616167_a2125e609480955e218d11250aaebfa9.jpg,source_6a6d3018730868f50dd4611f,work_5a1ca603bec8fe8a9647376c,ecological_award_image,blocked_unknown,needs_review,uncertain,1500,1125,,,,,,,,
asset_e37f49dc9b9e1525e9953514,图包与字体包/图包/中文奖项/GDC/2025/GDC_2025_06_1276_24228-moxOMP41yRVLWIcyogNf72DT1s3dkpku9MkZV4jblXyEu16Q.jpg,source_065a0ac8c5baf3e99b643d26,work_0fe800f9121e6d8a8e7cb807,ecological_award_image,blocked_unknown,needs_review,uncertain,3000,2000,,,,,,,,
asset_e4d84bd3ad7e84d09444a779,图包与字体包/图包/国际奖项/Indigo/2022/Indigo_2022_13_f21d2a8c_c53ae6ef188648019fce7febc6577cd2.png,source_bbeecfba3d1f45ecd6e5ed8d,work_104b248d629264b8dccba63e,ecological_award_image,blocked_unknown,needs_review,uncertain,2365,260,,,,,,,,
asset_e6442125f300e5f45c58e4ac,图包与字体包/图包/国际奖项/WOLDA/2020/WOLDA_2020_06_0f81461b_12th-WOLDA-Cat-212.jpg,source_405156956fe7da4e5178172e,work_405156956fe7da4e5178172e,ecological_award_image,blocked_unknown,needs_review,project_board_or_poster,1240,874,,,,,,,,
asset_e6c91a19cde1a08ecd82c188,图包与字体包/图包/国际奖项/Indigo/2022/Indigo_2022_18_aa0d93a6_midsize-73b7d7452919d1c839c51ec74132f598.jpg,source_e7499df34fcc4a45f11e43a4,work_371bd695a20006fd14dbb3eb,ecological_award_image,blocked_unknown,needs_review,uncertain,600,424,,,,,,,,
asset_e7a2df1d8d3ee85357b87485,图包与字体包/图包/中文奖项/DFA/2020/DFA_2020_10_c402dd04_application_20201016_DzLF4.jpg,source_5d77720cfec9e5a58a7ba131,work_8b2bfaea764d39a21f46b2d4,ecological_award_image,blocked_unknown,needs_review,uncertain,2567,3595,,,,,,,,
asset_e8ea2b9aff83216b7e52b839,图包与字体包/图包/国际奖项/Indigo/2021/Indigo_2021_09_ecb4d3bd_36729b2de0fcaf433e182c1369a19b2f.jpg,source_635d86c502094db1ddab6f2d,work_632691fd557c75b8ce7120df,ecological_award_image,blocked_unknown,needs_review,uncertain,1500,1000,,,,,,,,
asset_e9a7d3f88b7c3233f9feee80,图包与字体包/图包/国际奖项/Indigo/2023/Indigo_2023_08_cf2957d5_JRb5ksM414Cz9nbTP13h36u8.jpg,source_8922aa8d27bd530082193ea6,work_af35e7b337539d85e79c3b78,ecological_award_image,blocked_unknown,needs_review,uncertain,4584,3125,,,,,,,,
asset_e9d07cfee177e3d0ed0bc117,图包与字体包/图包/国际奖项/Indigo/2023/Indigo_2023_14_f631e299_original-e5532d2bbcbf50f830f2612979245a9f.gif,source_ed0db14af2c3e5491758ffa2,work_0b3476231a6f7905273b4bd7,ecological_award_image,blocked_unknown,needs_review,uncertain,650,520,,,,,,,,
asset_ea2d4dd4fb51794d2eada1a4,图包与字体包/图包/中文奖项/DFA/2024/DFA_2024_15_3709371c_application_20241031_bbTZG.jpg,source_dd6d1835f690d4445d29924f,work_d1662fc3af05cd1a3396f4cf,ecological_award_image,blocked_unknown,needs_review,uncertain,2400,3394,,,,,,,,
asset_eaac63a08e7c70009edf23a4,图包与字体包/图包/国际奖项/WOLDA/2023/WOLDA_2023_11_c61bbf5a_15-WOLDA-Cat-217.jpg,source_0d081a7678c443b90a8c4241,work_0d081a7678c443b90a8c4241,ecological_award_image,blocked_unknown,needs_review,project_board_or_poster,1240,874,,,,,,,,
asset_eab1591e89959f9d466617e5,图包与字体包/图包/国际奖项/Indigo/2024/Indigo_2024_06_c8c59719_YJsjxdsiryArk51uM5TVxULV.png,source_99b845d2e9cdfad7f2a947da,work_456fd49eff1fd3b71ecefa5b,ecological_award_image,blocked_unknown,needs_review,uncertain,1080,600,,,,,,,,
asset_ec9b1970281cc7cdfbe6c994,图包与字体包/图包/中文奖项/GDC/2025/GDC_2025_12_1270_27073-XBbpCktrvcbkgYVwcZrLIpB3sMCu84MGqNwoxhqHnHGRsOH7.jpg,source_abda50cda7e9f039b46e956e,work_a7940dc6a48f4e95f09bb990,ecological_award_image,blocked_unknown,needs_review,uncertain,2220,2220,,,,,,,,
asset_ed1c311a04eee94283858216,图包与字体包/图包/国际奖项/WOLDA/2024/WOLDA_2024_17_2835c0b7_16-WOLDA-Results-Cat-27.jpg,source_6ac01d7e0570898e39613983,work_6ac01d7e0570898e39613983,ecological_award_image,blocked_unknown,needs_review,project_board_or_poster,1276,1276,,,,,,,,
asset_edb8bb647ca258090017e786,图包与字体包/图包/中文奖项/DFA/2021/DFA_2021_04_930d4fde_application_20211011_t2bgy.jpg,source_898425af20d4149b1864bba7,work_44b8d2a951f3c74e842db152,ecological_award_image,blocked_unknown,needs_review,uncertain,3393,2400,,,,,,,,
asset_edfb065463a9d7ab3bd57e08,图包与字体包/图包/国际奖项/WOLDA/2021/WOLDA_2021_11_8cf6a3d4_13-WOLDA-Cat-216.jpg,source_a548f22fe7bede1c0cf77ae6,work_a548f22fe7bede1c0cf77ae6,ecological_award_image,blocked_unknown,needs_review,project_board_or_poster,1240,874,,,,,,,,
asset_ef7c368ff9aaee33c4d05354,图包与字体包/图包/国际奖项/Indigo/2023/Indigo_2023_06_12a6ad0d_midsize-85e1db55f4f902db49a866a4b1fe0404.jpg,source_9569603fe545a62fc49af31e,work_7cde593f3704f032879189c8,ecological_award_image,blocked_unknown,needs_review,uncertain,600,294,,,,,,,,
asset_ef888438c0e35e02375ec9c7,图包与字体包/图包/国际奖项/Indigo/2020/Indigo_2020_10_335759c0_4d4fd460f76ff7f6d77fc6ad4c0e8aab.jpg,source_3ad94410ebf00bbd8b43793e,work_ff07436321ee4a597874b2a0,ecological_award_image,blocked_unknown,needs_review,uncertain,2560,1440,,,,,,,,
asset_ef9eca0c3e2e33833497ee18,图包与字体包/图包/中文奖项/Golden Pin/2022/GoldenPin_2022_05_23940807_1fa8176e8d8d02f5b5478836adec5930.jpg,source_8b523a99dd72dc12c27eab06,work_ff9f43f3fd1ac717ae86e2ad,ecological_award_image,blocked_unknown,needs_review,uncertain,3509,2482,,,,,,,,
asset_efb54b9118e64a99bc469e94,图包与字体包/图包/国际奖项/WOLDA/2022/WOLDA_2022_12_9177c2eb_14-WOLDA-Results-Cat-218.jpg,source_566001f3d5876b41aab93569,work_566001f3d5876b41aab93569,ecological_award_image,blocked_unknown,needs_review,project_board_or_poster,1240,874,,,,,,,,
asset_f033faa033420cee46241837,图包与字体包/图包/国际奖项/WOLDA/2020/WOLDA_2020_14_577c49a1_12th-WOLDA-Cat-22.jpg,source_f29edd14e99d213d29d15230,work_f29edd14e99d213d29d15230,ecological_award_image,blocked_unknown,needs_review,duplicate_exact,1240,874,,,,,,,,
asset_f0ba335512414c94cb61ce30,图包与字体包/图包/国际奖项/WOLDA/2024/WOLDA_2024_02_24808a0c_16-WOLDA-Results-Cat-211.jpg,source_09f19992f115f8815d727964,work_09f19992f115f8815d727964,ecological_award_image,blocked_unknown,needs_review,project_board_or_poster,1276,1276,,,,,,,,
asset_f0e23dba4e1bb51fb49c9085,图包与字体包/图包/国际奖项/WOLDA/2022/WOLDA_2022_05_64ebecff_14-WOLDA-Results-Cat-211.jpg,source_cff5f026351f89a9e8c38e33,work_cff5f026351f89a9e8c38e33,ecological_award_image,blocked_unknown,needs_review,project_board_or_poster,1240,874,,,,,,,,
asset_f104b6caa0b2be01477c6e10,图包与字体包/图包/国际奖项/Indigo/2024/Indigo_2024_17_e204d0a1_kU53js2LsNy2bFjavRE94WdA.png,source_15da9beb718c0584e87c0c96,work_02015a370f29f5f31caa4385,ecological_award_image,blocked_unknown,needs_review,uncertain,1080,600,,,,,,,,
asset_f19f15fec8abe321786ed66d,图包与字体包/图包/国际奖项/WOLDA/2024/WOLDA_2024_06_67718b2e_16-WOLDA-Results-Cat-219.jpg,source_cc2727af3e6e9ee638a60792,work_cc2727af3e6e9ee638a60792,ecological_award_image,blocked_unknown,needs_review,project_board_or_poster,1276,1276,,,,,,,,
asset_f1ab501225f7532f396c0e15,图包与字体包/图包/中文奖项/GDC/2021/GDC_2021_02_911c365c_5c659fe4d88e187f39983e2ef7604cdc.webp,source_c150e47d0b9ded7f6be2ba3f,work_0e0483624d8a5dd953ffcaf8,ecological_award_image,blocked_unknown,needs_review,uncertain,1060,749,,,,,,,,
asset_f23b681c8f5f479e615e09f2,图包与字体包/图包/国际奖项/WOLDA/2023/WOLDA_2023_18_be08e1d3_15-WOLDA-Cat-224.jpg,source_d7637f95895e193347c5715d,work_d7637f95895e193347c5715d,ecological_award_image,blocked_unknown,needs_review,project_board_or_poster,1240,874,,,,,,,,
asset_f2a6792b7fda23d8b1c70ed0,图包与字体包/图包/国际奖项/WOLDA/2024/WOLDA_2024_16_188f4501_16-WOLDA-Results-Cat-25.jpg,source_1cbc8dd6bf0841c1591eb76d,work_1cbc8dd6bf0841c1591eb76d,ecological_award_image,blocked_unknown,needs_review,project_board_or_poster,1276,1276,,,,,,,,
asset_f3b2411bca7d75272c56fc44,图包与字体包/图包/国际奖项/Indigo/2024/Indigo_2024_01_2a57f56b_eqmR8o4Lrj1JpAQ9dibBBPxV.png,source_aef4f7adbf0ac656257e1fb4,work_3e88e551340b6a2518f484f4,ecological_award_image,blocked_unknown,needs_review,uncertain,1080,600,,,,,,,,
asset_f405d0d0b9649ec5e9c51842,图包与字体包/图包/中文奖项/DFA/2023/DFA_2023_11_4d156341_application_20231024_eccHF.jpg,source_8053cfe9f00f07324cd160b9,work_b245c044999f8c964aa6ef39,ecological_award_image,blocked_unknown,needs_review,uncertain,4096,2304,,,,,,,,
asset_f434a13531e46f290074adee,图包与字体包/图包/中文奖项/DFA/2023/DFA_2023_08_1bc6c2d8_application_20231024_PIpRT.jpg,source_ba22314bac1721d7fc6d32ea,work_ff1c1f86a1d9a971f27a3d31,ecological_award_image,blocked_unknown,needs_review,uncertain,3158,2233,,,,,,,,
asset_f451adc0202681d4a57b159a,图包与字体包/图包/中文奖项/GDC/2023/GDC_2023_02_361042dd_44c5707284913aeb2668a8737ff4fb67.webp,source_117cebd37ea221eecb94368d,work_ef3da8179da27e859aa4d40d,ecological_award_image,blocked_unknown,needs_review,uncertain,1060,1499,,,,,,,,
asset_f4fbf51d5f72894e47a27c80,图包与字体包/图包/国际奖项/Indigo/2020/Indigo_2020_15_bd44cdef_midsize-65f351070eb0f4aa58eec7335d7ee6fb.jpg,source_38c055943d1d344115844c74,work_01a50e3d025657eeef1ddf33,ecological_award_image,blocked_unknown,needs_review,uncertain,600,400,,,,,,,,
asset_f63344bb91867a5cc5180161,图包与字体包/图包/国际奖项/WOLDA/2021/WOLDA_2021_14_255d928c_13-WOLDA-Cat-219.jpg,source_6f3989e1cab9e1324551ccfc,work_6f3989e1cab9e1324551ccfc,ecological_award_image,blocked_unknown,needs_review,project_board_or_poster,1240,874,,,,,,,,
asset_f673f84e6b02b7c3dd242120,图包与字体包/图包/国际奖项/WOLDA/2024/WOLDA_2024_18_d247745e_16-WOLDA-Results-Cat-29.jpg,source_657d05ae985f15e3574bd7cf,work_657d05ae985f15e3574bd7cf,ecological_award_image,blocked_unknown,needs_review,project_board_or_poster,1276,1276,,,,,,,,
asset_f6c390c6387e5bf41870f132,图包与字体包/图包/国际奖项/WOLDA/2020/WOLDA_2020_11_c8c301d3_12th-WOLDA-Cat-217.jpg,source_6b9e991471e42d51e93722fc,work_6b9e991471e42d51e93722fc,ecological_award_image,blocked_unknown,needs_review,project_board_or_poster,1240,874,,,,,,,,
asset_f7d14317811faaa7018a95e5,图包与字体包/图包/国际奖项/WOLDA/2023/WOLDA_2023_01_5cfa08d7_0012thWOLDA1.jpg,source_e577212ddb32bd3e2a8eb98f,work_e577212ddb32bd3e2a8eb98f,ecological_award_image,blocked_unknown,needs_review,duplicate_exact,1240,874,,,,,,,,
asset_f85d540d4fdd284e8f52bf73,图包与字体包/图包/中文奖项/DFA/2022/DFA_2022_03_6adf14c7_application_20220926_zodZG.jpg,source_bbd12bc2567b761fe79e2d79,work_5038ded01860b676c910c837,ecological_award_image,blocked_unknown,needs_review,uncertain,3000,2000,,,,,,,,
asset_f90d8d01265e13993bc47159,图包与字体包/图包/中文奖项/Golden Pin/2022/GoldenPin_2022_11_970cedbc_285b668352c863e0430e424372bc3ea7.jpg,source_3af813fbdf5598a16774f4d3,work_360fbbb4a0382bac860a4eca,ecological_award_image,blocked_unknown,needs_review,uncertain,3509,2482,,,,,,,,
asset_f95421fcef5540ab4479a92c,图包与字体包/图包/中文奖项/Golden Pin/2022/GoldenPin_2022_02_42aecbd7_list_image.jpeg,source_5dbc5c1159c75a7ac48323dc,work_8c824003b5b2e14a5e393171,ecological_award_image,blocked_unknown,needs_review,uncertain,2300,1437,,,,,,,,
asset_fa9e6991cda8b19c4e2620d4,图包与字体包/图包/国际奖项/Indigo/2024/Indigo_2024_05_215dd232_3cbazef9bp30rhutbp9c34hxw8i0.png,source_9de507eda013bbb21d7d8b41,work_a817007c8126640f5da6e411,ecological_award_image,blocked_unknown,needs_review,uncertain,1080,600,,,,,,,,
asset_face50f620704a08eb3dabe6,图包与字体包/图包/中文奖项/Golden Pin/2025/GoldenPin_2025_07_36be7c7e_image_c21405.jpeg,source_59b414664796b28bed7608e1,work_ba584dfa1dc3d255c5fc48b4,ecological_award_image,blocked_unknown,needs_review,uncertain,1920,1080,,,,,,,,
asset_fb29df20d91e417a0656da92,图包与字体包/图包/中文奖项/Golden Pin/2025/GoldenPin_2025_03_fa9fb4c1_image_b273f7.jpeg,source_54e8b9d121daa4fa950e51d6,work_94a6898d0af99c6cd62a2c88,ecological_award_image,blocked_unknown,needs_review,uncertain,6563,4375,,,,,,,,
asset_fc89bbddbbc42bf6acbb2cd1,图包与字体包/图包/国际奖项/Indigo/2021/Indigo_2021_13_6a6c66e9_e00a24f9d52f5185afc1bc18421791df.jpg,source_6a7b43d3e449e5e9c923363b,work_d47cf1c9d3495e1aa7b96b97,ecological_award_image,blocked_unknown,needs_review,uncertain,8000,4500,,,,,,,,
asset_fd0b15efeb36703056684c23,图包与字体包/图包/国际奖项/Indigo/2020/Indigo_2020_09_506dab18_6a0e01cc624e1f0ccd76466ef919bf2a.png,source_2203b76f671fba126bebbe7c,work_3436625fc34fa4ebeb5bcaee,ecological_award_image,blocked_unknown,needs_review,uncertain,3000,2160,,,,,,,,
asset_fd4df2543c646ae45eb4a2dd,图包与字体包/图包/中文奖项/Golden Pin/2022/GoldenPin_2022_18_31a80d58_5322ea1f4c7222041c4494c2a28e8b6e.jpg,source_0a07becf61364da9bb40bdb1,work_5030759aa265fc6bc162c4bd,ecological_award_image,blocked_unknown,needs_review,uncertain,4480,2987,,,,,,,,
asset_fdf785af2d31262607c80548,图包与字体包/图包/国际奖项/WOLDA/2021/WOLDA_2021_18_397c7398_13-WOLDA-Cat-222.jpg,source_892573e3991469c6c0f95407,work_892573e3991469c6c0f95407,ecological_award_image,blocked_unknown,needs_review,project_board_or_poster,1240,874,,,,,,,,
asset_fe14b6914a020383851d1d9a,图包与字体包/图包/国际奖项/WOLDA/2024/WOLDA_2024_07_e56fbe23_16-WOLDA-Results-Cat-221.jpg,source_6b23ba06c29fa6f813c2ece1,work_6b23ba06c29fa6f813c2ece1,ecological_award_image,blocked_unknown,needs_review,project_board_or_poster,1276,1276,,,,,,,,
