stimulus_id,script_code_iso15924,content_set_id,content,font_id,render_profile,canvas_width_px,canvas_height_px,original_ink_width_px,original_ink_height_px,binary_area_px,target_scale,target_width_px,target_height_px,fits_canvas,limiting_axis,max_fit_scale,max_fit_area_ratio,target_area_ratio,diagnosis
stim_b00f9a8901e2d27f,Latn,latn_u01,A,font_noto_sans_latn,bbox_height_matched,2048,1024,574,645,114666,0.496124031,284.775,320.000,true,none,1.587596899,0.137811430,,geometrically_feasible
stim_59827545d81dc7fc,Latn,latn_u01,A,font_noto_sans_latn,ink_area_matched,2048,1024,574,645,114666,0.956274610,548.902,616.797,true,none,1.587596899,0.137811430,0.05,geometrically_feasible
stim_8e1309a7db1d05d2,Latn,latn_u02,E,font_noto_sans_latn,bbox_height_matched,2048,1024,359,643,110177,0.497667185,178.663,320.000,true,none,1.592534992,0.133241343,,geometrically_feasible
stim_133906c155e4a0e4,Latn,latn_u02,E,font_noto_sans_latn,ink_area_matched,2048,1024,359,643,110177,0.975561124,350.226,627.286,true,none,1.592534992,0.133241343,0.05,geometrically_feasible
stim_dc10a606617a95b0,Latn,latn_u03,H,font_noto_sans_latn,bbox_height_matched,2048,1024,492,643,127596,0.497667185,244.852,320.000,true,none,1.592534992,0.154306819,,geometrically_feasible
stim_3d5a196875f2bae5,Latn,latn_u03,H,font_noto_sans_latn,ink_area_matched,2048,1024,492,643,127596,0.906528426,446.012,582.898,true,none,1.592534992,0.154306819,0.05,geometrically_feasible
stim_a1c5b570b2637c63,Latn,latn_u04,M,font_noto_sans_latn,bbox_height_matched,2048,1024,642,643,188017,0.497667185,319.502,320.000,true,none,1.592534992,0.227376291,,geometrically_feasible
stim_503c9c44d1146e07,Latn,latn_u04,M,font_noto_sans_latn,ink_area_matched,2048,1024,642,643,188017,0.746794993,479.442,480.189,true,none,1.592534992,0.227376291,0.05,geometrically_feasible
stim_5f1eabd656921ddb,Latn,latn_u05,O,font_noto_sans_latn,bbox_height_matched,2048,1024,593,661,139670,0.484114977,287.080,320.000,true,none,1.549167927,0.159834387,,geometrically_feasible
stim_a14341de5f21c1b2,Latn,latn_u05,O,font_noto_sans_latn,ink_area_matched,2048,1024,593,661,139670,0.866459744,513.811,572.730,true,none,1.549167927,0.159834387,0.05,geometrically_feasible
stim_fa3286a81fea424e,Latn,latn_u06,R,font_noto_sans_latn,bbox_height_matched,2048,1024,459,643,132570,0.497667185,228.429,320.000,true,none,1.592534992,0.160322071,,geometrically_feasible
stim_807ab3b2fcc13ed9,Latn,latn_u06,R,font_noto_sans_latn,ink_area_matched,2048,1024,459,643,132570,0.889359459,408.216,571.858,true,none,1.592534992,0.160322071,0.05,geometrically_feasible
stim_3dcd996bbad78448,Latn,latn_u07,S,font_noto_sans_latn,bbox_height_matched,2048,1024,406,661,101830,0.484114977,196.551,320.000,true,none,1.549167927,0.116531364,,geometrically_feasible
stim_56fb52083e86d5e9,Latn,latn_u07,S,font_noto_sans_latn,ink_area_matched,2048,1024,406,661,101830,1.014757068,411.991,670.754,true,none,1.549167927,0.116531364,0.05,geometrically_feasible
stim_556c695be437f70d,Latn,latn_u08,T,font_noto_sans_latn,bbox_height_matched,2048,1024,482,643,80953,0.497667185,239.876,320.000,true,none,1.592534992,0.097899620,,geometrically_feasible
stim_134d36893ad8956b,Latn,latn_u08,T,font_noto_sans_latn,ink_area_matched,2048,1024,482,643,80953,1.138108018,548.568,731.803,true,none,1.592534992,0.097899620,0.05,geometrically_feasible
stim_682b55befa6b5da0,Latn,latn_seq01,AEHM,font_noto_sans_latn,bbox_height_matched,2048,1024,1922,502,326431,0.637450199,1225.179,320.000,true,none,1.065556712,0.176731769,,geometrically_feasible
stim_a796baa4c9fbbecc,Latn,latn_seq01,AEHM,font_noto_sans_latn,ink_area_matched,2048,1024,1922,502,326431,0.566766613,1089.325,284.517,true,none,1.065556712,0.176731769,0.05,geometrically_feasible
stim_90265a640e85c648,Latn,latn_seq02,ORST,font_noto_sans_latn,bbox_height_matched,2048,1024,1705,514,275241,0.622568093,1061.479,320.000,true,none,1.201173021,0.189362665,,geometrically_feasible
stim_f74d4b587f4a69d0,Latn,latn_seq02,ORST,font_noto_sans_latn,ink_area_matched,2048,1024,1705,514,275241,0.617224836,1052.368,317.254,true,none,1.201173021,0.189362665,0.05,geometrically_feasible
stim_046feb329e243591,Hani,hani_u01,永,font_noto_sans_sc,bbox_height_matched,2048,1024,837,825,197235,0.387878788,324.655,320.000,true,none,1.241212121,0.144892562,,geometrically_feasible
stim_efc51b10d2ae586d,Hani,hani_u01,永,font_noto_sans_sc,ink_area_matched,2048,1024,837,825,197235,0.729135031,610.286,601.536,true,none,1.241212121,0.144892562,0.05,geometrically_feasible
stim_9241515ee6faf823,Hani,hani_u02,山,font_noto_sans_sc,bbox_height_matched,2048,1024,707,816,170424,0.392156863,277.255,320.000,true,none,1.254901961,0.127973616,,geometrically_feasible
stim_c6922fb2c0493225,Hani,hani_u02,山,font_noto_sans_sc,ink_area_matched,2048,1024,707,816,170424,0.784394572,554.567,640.066,true,none,1.254901961,0.127973616,0.05,geometrically_feasible
stim_2d5e2ae923bd8eb4,Hani,hani_u03,水,font_noto_sans_sc,bbox_height_matched,2048,1024,842,828,177641,0.386473430,325.411,320.000,true,none,1.236714976,0.129554511,,geometrically_feasible
stim_c999f58a5c810688,Hani,hani_u03,水,font_noto_sans_sc,ink_area_matched,2048,1024,842,828,177641,0.768295611,646.905,636.149,true,none,1.236714976,0.129554511,0.05,geometrically_feasible
stim_169bb6d244b92865,Hani,hani_u04,中,font_noto_sans_sc,bbox_height_matched,2048,1024,726,828,186262,0.386473430,280.580,320.000,true,none,1.236714976,0.135841852,,geometrically_feasible
stim_c7451134df4dc81a,Hani,hani_u04,中,font_noto_sans_sc,ink_area_matched,2048,1024,726,828,186262,0.750304974,544.721,621.253,true,none,1.236714976,0.135841852,0.05,geometrically_feasible
stim_8dd2285399c8dbb6,Hani,hani_u05,文,font_noto_sans_sc,bbox_height_matched,2048,1024,837,833,184476,0.384153661,321.537,320.000,true,none,1.229291717,0.132929042,,geometrically_feasible
stim_7c34ec9717cd94fc,Hani,hani_u05,文,font_noto_sans_sc,ink_area_matched,2048,1024,837,833,184476,0.753928256,631.038,628.022,true,none,1.229291717,0.132929042,0.05,geometrically_feasible
stim_859013a27938e352,Hani,hani_u06,門,font_noto_sans_sc,bbox_height_matched,2048,1024,740,786,221679,0.407124682,301.272,320.000,true,none,1.302798982,0.179411165,,geometrically_feasible
stim_176df5b46077cb5d,Hani,hani_u06,門,font_noto_sans_sc,ink_area_matched,2048,1024,740,786,221679,0.687761213,508.943,540.580,true,none,1.302798982,0.179411165,0.05,geometrically_feasible
stim_91565747d07456bd,Hani,hani_u07,木,font_noto_sans_sc,bbox_height_matched,2048,1024,847,828,178872,0.386473430,327.343,320.000,true,none,1.236714976,0.130452286,,geometrically_feasible
stim_e73c85004572b730,Hani,hani_u07,木,font_noto_sans_sc,ink_area_matched,2048,1024,847,828,178872,0.765647335,648.503,633.956,true,none,1.236714976,0.130452286,0.05,geometrically_feasible
stim_47db8831dda891f1,Hani,hani_u08,人,font_noto_sans_sc,bbox_height_matched,2048,1024,829,821,116380,0.389768575,323.118,320.000,true,none,1.247259440,0.086330060,,geometrically_feasible
stim_9b3a392dd4102f7d,Hani,hani_u08,人,font_noto_sans_sc,ink_area_matched,2048,1024,829,821,116380,0.949206668,786.892,779.299,true,none,1.247259440,0.086330060,0.05,geometrically_feasible
stim_3fdfe138081efcb8,Hani,hani_seq01,永山水中,font_noto_sans_sc,bbox_height_matched,2048,1024,2707,645,441926,0.496124031,1343.008,320.000,true,none,0.756557074,0.120615477,,geometrically_feasible
stim_e8f53e892073dc8f,Hani,hani_seq01,永山水中,font_noto_sans_sc,ink_area_matched,2048,1024,2707,645,441926,0.487107908,1318.601,314.185,true,none,0.756557074,0.120615477,0.05,geometrically_feasible
stim_363121c97354de28,Hani,hani_seq02,文門木人,font_noto_sans_sc,bbox_height_matched,2048,1024,2749,650,424101,0.492307692,1353.354,320.000,true,none,0.744998181,0.112240557,,geometrically_feasible
stim_af0a2cd0a1e3da7a,Hani,hani_seq02,文門木人,font_noto_sans_sc,ink_area_matched,2048,1024,2749,650,424101,0.497239142,1366.910,323.205,true,none,0.744998181,0.112240557,0.05,geometrically_feasible
stim_43e4de4c0226c52b,Hani,hani_u01,永,font_noto_serif_sc,bbox_height_matched,2048,1024,841,818,132753,0.391198044,328.998,320.000,true,none,1.251833741,0.099199102,,geometrically_feasible
stim_d43e821b55f820a0,Hani,hani_u01,永,font_noto_serif_sc,ink_area_matched,2048,1024,841,818,132753,0.888746257,747.436,726.994,true,none,1.251833741,0.099199102,0.05,geometrically_feasible
stim_94fdb555e2c76d0d,Hani,hani_u02,山,font_noto_serif_sc,bbox_height_matched,2048,1024,757,803,130018,0.398505604,301.669,320.000,true,none,1.275217933,0.100819002,,geometrically_feasible
stim_a11f47f1741ab628,Hani,hani_u02,山,font_noto_serif_sc,ink_area_matched,2048,1024,757,803,130018,0.898045242,679.820,721.130,true,none,1.275217933,0.100819002,0.05,geometrically_feasible
stim_ff40cda5ca3d4800,Hani,hani_u03,水,font_noto_serif_sc,bbox_height_matched,2048,1024,848,824,134207,0.388349515,329.320,320.000,true,none,1.242718447,0.098830445,,geometrically_feasible
stim_6ba4f752ac8d858f,Hani,hani_u03,水,font_noto_serif_sc,ink_area_matched,2048,1024,848,824,134207,0.883918803,749.563,728.349,true,none,1.242718447,0.098830445,0.05,geometrically_feasible
stim_03e829dbf5892fb6,Hani,hani_u04,中,font_noto_serif_sc,bbox_height_matched,2048,1024,744,824,124902,0.388349515,288.932,320.000,true,none,1.242718447,0.091978214,,geometrically_feasible
stim_303bbacbf19f5b6a,Hani,hani_u04,中,font_noto_serif_sc,ink_area_matched,2048,1024,744,824,124902,0.916252685,681.692,754.992,true,none,1.242718447,0.091978214,0.05,geometrically_feasible
stim_9ed2480cfb744c11,Hani,hani_u05,文,font_noto_serif_sc,bbox_height_matched,2048,1024,835,825,120978,0.387878788,323.879,320.000,true,none,1.241212121,0.088872727,,geometrically_feasible
stim_1f8665bff4786a84,Hani,hani_u05,文,font_noto_serif_sc,ink_area_matched,2048,1024,835,825,120978,0.930993731,777.380,768.070,true,none,1.241212121,0.088872727,0.05,geometrically_feasible
stim_f298ba61c58d0310,Hani,hani_u06,門,font_noto_serif_sc,bbox_height_matched,2048,1024,759,803,168394,0.398505604,302.466,320.000,true,none,1.275217933,0.130576651,,geometrically_feasible
stim_08959334f8e8701f,Hani,hani_u06,門,font_noto_serif_sc,ink_area_matched,2048,1024,759,803,168394,0.789108370,598.933,633.654,true,none,1.275217933,0.130576651,0.05,geometrically_feasible
stim_7923bca0372696ef,Hani,hani_u07,木,font_noto_serif_sc,bbox_height_matched,2048,1024,834,825,131226,0.387878788,323.491,320.000,true,none,1.241212121,0.096401102,,geometrically_feasible
stim_0d25f57b7f63d875,Hani,hani_u07,木,font_noto_serif_sc,ink_area_matched,2048,1024,834,825,131226,0.893902210,745.514,737.469,true,none,1.241212121,0.096401102,0.05,geometrically_feasible
stim_0036d3c9f8fc9519,Hani,hani_u08,人,font_noto_serif_sc,bbox_height_matched,2048,1024,831,804,86544,0.398009950,330.746,320.000,true,none,1.273631841,0.066941412,,geometrically_feasible
stim_45af50bb6caa76cd,Hani,hani_u08,人,font_noto_serif_sc,ink_area_matched,2048,1024,831,804,86544,1.100731702,914.708,884.988,true,none,1.273631841,0.066941412,0.05,geometrically_feasible
stim_7367e23142005090,Hani,hani_seq01,永山水中,font_noto_serif_sc,bbox_height_matched,2048,1024,2728,642,316116,0.498442368,1359.751,320.000,true,none,0.750733138,0.084954765,,geometrically_feasible
stim_0c7862cd7dcddcf2,Hani,hani_seq01,永山水中,font_noto_serif_sc,ink_area_matched,2048,1024,2728,642,316116,0.575939305,1571.162,369.753,true,none,0.750733138,0.084954765,0.05,geometrically_feasible
stim_92547c7910882579,Hani,hani_seq02,文門木人,font_noto_serif_sc,bbox_height_matched,2048,1024,2746,644,306782,0.496894410,1364.472,320.000,true,none,0.745812090,0.081368967,,geometrically_feasible
stim_1f13a3b259bcc6e3,Hani,hani_seq02,文門木人,font_noto_serif_sc,ink_area_matched,2048,1024,2746,644,306782,0.584635280,1605.408,376.505,true,none,0.745812090,0.081368967,0.05,geometrically_feasible
stim_7b6b8cc8ec5488f4,Hani,hani_u01,永,font_bpmf_iansui,bbox_height_matched,2048,1024,1307,806,196781,0.397022333,518.908,320.000,true,none,1.270471464,0.151454815,,geometrically_feasible
stim_2c15393655973c79,Hani,hani_u01,永,font_bpmf_iansui,ink_area_matched,2048,1024,1307,806,196781,0.729975653,954.078,588.360,true,none,1.270471464,0.151454815,0.05,geometrically_feasible
stim_c36628fc59fc54ee,Hani,hani_u02,山,font_bpmf_iansui,bbox_height_matched,2048,1024,1040,757,163792,0.422721268,439.630,320.000,true,none,1.352708058,0.142912735,,geometrically_feasible
stim_78903264bdcaf25f,Hani,hani_u02,山,font_bpmf_iansui,ink_area_matched,2048,1024,1040,757,163792,0.800117213,832.122,605.689,true,none,1.352708058,0.142912735,0.05,geometrically_feasible
stim_5d9e80dfbfdaaf32,Hani,hani_u03,水,font_bpmf_iansui,bbox_height_matched,2048,1024,1291,797,198670,0.401505646,518.344,320.000,true,none,1.284818068,0.156381600,,geometrically_feasible
stim_f7ac9fba62afc7d3,Hani,hani_u03,水,font_bpmf_iansui,ink_area_matched,2048,1024,1291,797,198670,0.726496976,937.908,579.018,true,none,1.284818068,0.156381600,0.05,geometrically_feasible
stim_568d34cdb68528da,Hani,hani_u04,中,font_bpmf_iansui,bbox_height_matched,2048,1024,1054,848,194467,0.377358491,397.736,320.000,true,none,1.207547170,0.135214795,,geometrically_feasible
stim_1ddb24bc31de4d20,Hani,hani_u04,中,font_bpmf_iansui,ink_area_matched,2048,1024,1054,848,194467,0.734305869,773.958,622.691,true,none,1.207547170,0.135214795,0.05,geometrically_feasible
stim_583562c89a8f3eda,Hani,hani_u05,文,font_bpmf_iansui,bbox_height_matched,2048,1024,1281,790,176633,0.405063291,518.886,320.000,true,none,1.296202532,0.141510175,,geometrically_feasible
stim_7674b6990714f94a,Hani,hani_u05,文,font_bpmf_iansui,ink_area_matched,2048,1024,1281,790,176633,0.770484727,986.991,608.683,true,none,1.296202532,0.141510175,0.05,geometrically_feasible
stim_6e59237aa7bb5b82,Hani,hani_u06,門,font_bpmf_iansui,bbox_height_matched,2048,1024,1227,772,214873,0.414507772,508.601,320.000,true,none,1.326424870,0.180267423,,geometrically_feasible
stim_a60c9e58b22945f0,Hani,hani_u06,門,font_bpmf_iansui,ink_area_matched,2048,1024,1227,772,214873,0.698568556,857.144,539.295,true,none,1.326424870,0.180267423,0.05,geometrically_feasible
stim_6cf0651c55f41504,Hani,hani_u07,木,font_bpmf_iansui,bbox_height_matched,2048,1024,1289,832,172277,0.384615385,495.769,320.000,true,none,1.230769231,0.124437321,,geometrically_feasible
stim_a4d97de166f1eda9,Hani,hani_u07,木,font_bpmf_iansui,ink_area_matched,2048,1024,1289,832,172277,0.780164719,1005.632,649.097,true,none,1.230769231,0.124437321,0.05,geometrically_feasible
stim_577f9a8eeb3f90a1,Hani,hani_u08,人,font_bpmf_iansui,bbox_height_matched,2048,1024,1308,765,138166,0.418300654,547.137,320.000,true,none,1.338562092,0.118045196,,geometrically_feasible
stim_def37c6ed971c3f8,Hani,hani_u08,人,font_bpmf_iansui,ink_area_matched,2048,1024,1308,765,138166,0.871162885,1139.481,666.440,true,none,1.338562092,0.118045196,0.05,geometrically_feasible
stim_590cf8a892a117a6,Hani,hani_seq01,永山水中,font_bpmf_iansui,bbox_height_matched,2048,1024,3948,659,442654,0.485584219,1917.086,320.000,true,none,0.518743668,0.056798923,,geometrically_feasible
stim_bb35abe338a0a0d9,Hani,hani_seq01,永山水中,font_bpmf_iansui,ink_area_matched,2048,1024,3948,659,442654,0.486707188,1921.520,320.740,true,none,0.518743668,0.056798923,0.05,geometrically_feasible
stim_d773c326abac9595,Hani,hani_seq02,文門木人,font_bpmf_iansui,bbox_height_matched,2048,1024,3930,647,408182,0.494590417,1943.740,320.000,true,none,0.521119593,0.052856542,,geometrically_feasible
stim_1d5fd42e46f9d61f,Hani,hani_seq02,文門木人,font_bpmf_iansui,ink_area_matched,2048,1024,3930,647,408182,0.506842509,1991.891,327.927,true,none,0.521119593,0.052856542,0.05,geometrically_feasible
stim_32f7caf9902568e8,Hani,hani_u01,永,font_lxgw_marker_gothic,bbox_height_matched,2048,1024,785,816,172469,0.392156863,307.843,320.000,true,none,1.254901961,0.129509233,,geometrically_feasible
stim_f00a745b15ce8e52,Hani,hani_u01,永,font_lxgw_marker_gothic,ink_area_matched,2048,1024,785,816,172469,0.779730341,612.088,636.260,true,none,1.254901961,0.129509233,0.05,geometrically_feasible
stim_b06dd53d8d6fce5d,Hani,hani_u02,山,font_lxgw_marker_gothic,bbox_height_matched,2048,1024,684,680,139409,0.470588235,321.882,320.000,true,none,1.505882353,0.150745026,,geometrically_feasible
stim_23330edc55d86694,Hani,hani_u02,山,font_lxgw_marker_gothic,ink_area_matched,2048,1024,684,680,139409,0.867270453,593.213,589.744,true,none,1.505882353,0.150745026,0.05,geometrically_feasible
stim_d7b23bd021cb7e35,Hani,hani_u03,水,font_lxgw_marker_gothic,bbox_height_matched,2048,1024,799,807,162100,0.396530359,316.828,320.000,true,none,1.268897150,0.124453166,,geometrically_feasible
stim_5937fa012efa5ba9,Hani,hani_u03,水,font_lxgw_marker_gothic,ink_area_matched,2048,1024,799,807,162100,0.804282185,642.621,649.056,true,none,1.268897150,0.124453166,0.05,geometrically_feasible
stim_32336080424dfc3e,Hani,hani_u04,中,font_lxgw_marker_gothic,bbox_height_matched,2048,1024,706,812,185850,0.394088670,278.227,320.000,true,none,1.261083744,0.140935536,,geometrically_feasible
stim_a2bea72980ac8d3d,Hani,hani_u04,中,font_lxgw_marker_gothic,ink_area_matched,2048,1024,706,812,185850,0.751136167,530.302,609.923,true,none,1.261083744,0.140935536,0.05,geometrically_feasible
stim_ec373e243ae9a4d8,Hani,hani_u05,文,font_lxgw_marker_gothic,bbox_height_matched,2048,1024,770,771,145985,0.415045396,319.585,320.000,true,none,1.328145266,0.122791833,,geometrically_feasible
stim_601185036f9b5115,Hani,hani_u05,文,font_lxgw_marker_gothic,ink_area_matched,2048,1024,770,771,145985,0.847511968,652.584,653.432,true,none,1.328145266,0.122791833,0.05,geometrically_feasible
stim_10c68d4199b435c4,Hani,hani_u06,門,font_lxgw_marker_gothic,bbox_height_matched,2048,1024,708,772,235664,0.414507772,293.472,320.000,true,none,1.326424870,0.197710006,,geometrically_feasible
stim_24a5cda64fe9d052,Hani,hani_u06,門,font_lxgw_marker_gothic,ink_area_matched,2048,1024,708,772,235664,0.667042237,472.266,514.957,true,none,1.326424870,0.197710006,0.05,geometrically_feasible
stim_625f6ea9a4fadc0f,Hani,hani_u07,木,font_lxgw_marker_gothic,bbox_height_matched,2048,1024,805,748,171291,0.427807487,344.385,320.000,true,none,1.368983957,0.153073973,,geometrically_feasible
stim_e3188958e4f0ba47,Hani,hani_u07,木,font_lxgw_marker_gothic,ink_area_matched,2048,1024,805,748,171291,0.782406922,629.838,585.240,true,none,1.368983957,0.153073973,0.05,geometrically_feasible
stim_dc528afb82c670e6,Hani,hani_u08,人,font_lxgw_marker_gothic,bbox_height_matched,2048,1024,737,787,102386,0.406607370,299.670,320.000,true,none,1.301143583,0.082653475,,geometrically_feasible
stim_8bf2db3d713e3d66,Hani,hani_u08,人,font_lxgw_marker_gothic,ink_area_matched,2048,1024,737,787,102386,1.011998033,745.843,796.442,true,none,1.301143583,0.082653475,0.05,geometrically_feasible
stim_944cb71660e79b90,Hani,hani_seq01,永山水中,font_lxgw_marker_gothic,bbox_height_matched,2048,1024,2680,640,400411,0.500000000,1340.000,320.000,true,none,0.764179104,0.111497828,,geometrically_feasible
stim_86377879ac58d917,Hani,hani_seq01,永山水中,font_lxgw_marker_gothic,ink_area_matched,2048,1024,2680,640,400411,0.511737163,1371.456,327.512,true,none,0.764179104,0.111497828,0.05,geometrically_feasible
stim_92918da3619bcd63,Hani,hani_seq02,文門木人,font_lxgw_marker_gothic,bbox_height_matched,2048,1024,2686,612,397227,0.522875817,1404.444,320.000,true,none,0.762472077,0.110117600,,geometrically_feasible
stim_131a6c080ed9f418,Hani,hani_seq02,文門木人,font_lxgw_marker_gothic,ink_area_matched,2048,1024,2686,612,397227,0.513784001,1380.024,314.436,true,none,0.762472077,0.110117600,0.05,geometrically_feasible
stim_dda7c07fe06f9caf,Kana,kana_u01,あ,font_noto_sans_jp,bbox_height_matched,2048,1024,716,760,200628,0.421052632,301.474,320.000,true,none,1.347368421,0.173673823,,geometrically_feasible
stim_e4cd77bdeb8a5a87,Kana,kana_u01,あ,font_noto_sans_jp,ink_area_matched,2048,1024,716,760,200628,0.722943213,517.627,549.437,true,none,1.347368421,0.173673823,0.05,geometrically_feasible
stim_66930457e18714b2,Kana,kana_u02,い,font_noto_sans_jp,bbox_height_matched,2048,1024,714,638,104310,0.501567398,358.119,320.000,true,none,1.605015674,0.128131111,,geometrically_feasible
stim_6272fac90462d4cc,Kana,kana_u02,い,font_noto_sans_jp,ink_area_matched,2048,1024,714,638,104310,1.002621432,715.872,639.672,true,none,1.605015674,0.128131111,0.05,geometrically_feasible
stim_74d2b1b256dc96bb,Kana,kana_u03,す,font_noto_sans_jp,bbox_height_matched,2048,1024,750,762,140686,0.419947507,314.961,320.000,true,none,1.343832021,0.121146520,,geometrically_feasible
stim_00a871222c2e3745,Kana,kana_u03,す,font_noto_sans_jp,ink_area_matched,2048,1024,750,762,140686,0.863325394,647.494,657.854,true,none,1.343832021,0.121146520,0.05,geometrically_feasible
stim_ba044c32488661a5,Kana,kana_u04,ね,font_noto_sans_jp,bbox_height_matched,2048,1024,825,749,188898,0.427236315,352.470,320.000,true,none,1.367156208,0.168357989,,geometrically_feasible
stim_241bff3a606da10f,Kana,kana_u04,ね,font_noto_sans_jp,ink_area_matched,2048,1024,825,749,188898,0.745051471,614.667,558.044,true,none,1.367156208,0.168357989,0.05,geometrically_feasible
stim_6520f0d09920f8bc,Kana,kana_u05,の,font_noto_sans_jp,bbox_height_matched,2048,1024,738,675,168780,0.474074074,349.867,320.000,true,none,1.517037037,0.185218107,,geometrically_feasible
stim_c78bb95b11d48280,Kana,kana_u05,の,font_noto_sans_jp,ink_area_matched,2048,1024,738,675,168780,0.788205508,581.696,532.039,true,none,1.517037037,0.185218107,0.05,geometrically_feasible
stim_2bae14211d33b18e,Kana,kana_u06,ま,font_noto_sans_jp,bbox_height_matched,2048,1024,615,757,173849,0.422721268,259.974,320.000,true,none,1.352708058,0.151687727,,geometrically_feasible
stim_9aeefe3b2c3e01fa,Kana,kana_u06,ま,font_noto_sans_jp,ink_area_matched,2048,1024,615,757,173849,0.776629456,477.627,587.908,true,none,1.352708058,0.151687727,0.05,geometrically_feasible
stim_2b4efe4a3a92d7df,Kana,kana_u07,る,font_noto_sans_jp,bbox_height_matched,2048,1024,669,718,160301,0.445682451,298.162,320.000,true,none,1.426183844,0.155473848,,geometrically_feasible
stim_3043debd11827c54,Kana,kana_u07,る,font_noto_sans_jp,ink_area_matched,2048,1024,669,718,160301,0.808782677,541.076,580.706,true,none,1.426183844,0.155473848,0.05,geometrically_feasible
stim_8e844355f507e9be,Kana,kana_u08,よ,font_noto_sans_jp,bbox_height_matched,2048,1024,656,749,136036,0.427236315,280.267,320.000,true,none,1.367156208,0.121243991,,geometrically_feasible
stim_941393ecbe4f6525,Kana,kana_u08,よ,font_noto_sans_jp,ink_area_matched,2048,1024,656,749,136036,0.877956563,575.940,657.589,true,none,1.367156208,0.121243991,0.05,geometrically_feasible
stim_c75760d00c25a558,Kana,kana_seq01,あいすね,font_noto_sans_jp,bbox_height_matched,2048,1024,2705,594,384094,0.538720539,1457.239,320.000,true,none,0.757116451,0.104986384,,geometrically_feasible
stim_296de8e77d52da93,Kana,kana_seq01,あいすね,font_noto_sans_jp,ink_area_matched,2048,1024,2705,594,384094,0.522493865,1413.346,310.361,true,none,0.757116451,0.104986384,0.05,geometrically_feasible
stim_89c35892b6465c9a,Kana,kana_seq02,のまるよ,font_noto_sans_jp,bbox_height_matched,2048,1024,2636,589,386531,0.543293718,1432.122,320.000,true,none,0.776934750,0.111256019,,geometrically_feasible
stim_ea2b4d6214daeb54,Kana,kana_seq02,のまるよ,font_noto_sans_jp,ink_area_matched,2048,1024,2636,589,386531,0.520844151,1372.945,306.777,true,none,0.776934750,0.111256019,0.05,geometrically_feasible
stim_6571b49342e42e79,Hang,hang_u01,가,font_noto_sans_kr,bbox_height_matched,2048,1024,750,813,136761,0.393603936,295.203,320.000,true,none,1.259532595,0.103454928,,geometrically_feasible
stim_f778785d3c49aa17,Hang,hang_u01,가,font_noto_sans_kr,ink_area_matched,2048,1024,750,813,136761,0.875626351,656.720,711.884,true,none,1.259532595,0.103454928,0.05,geometrically_feasible
stim_53858ab2e7c4a361,Hang,hang_u02,나,font_noto_sans_kr,bbox_height_matched,2048,1024,723,813,131574,0.393603936,284.576,320.000,true,none,1.259532595,0.099531143,,geometrically_feasible
stim_e9bfcbc5dedd6f36,Hang,hang_u02,나,font_noto_sans_kr,ink_area_matched,2048,1024,723,813,131574,0.892719287,645.436,725.781,true,none,1.259532595,0.099531143,0.05,geometrically_feasible
stim_d7f94d5c63739b65,Hang,hang_u03,다,font_noto_sans_kr,bbox_height_matched,2048,1024,724,815,151037,0.392638037,284.270,320.000,true,none,1.256441718,0.113694155,,geometrically_feasible
stim_c720547f3494c022,Hang,hang_u03,다,font_noto_sans_kr,ink_area_matched,2048,1024,724,815,151037,0.833217305,603.249,679.072,true,none,1.256441718,0.113694155,0.05,geometrically_feasible
stim_76e2a6b9ec3dad6c,Hang,hang_u04,라,font_noto_sans_kr,bbox_height_matched,2048,1024,728,815,168853,0.392638037,285.840,320.000,true,none,1.256441718,0.127105273,,geometrically_feasible
stim_e068d89bc4d9efb9,Hang,hang_u04,라,font_noto_sans_kr,ink_area_matched,2048,1024,728,815,168853,0.788035108,573.690,642.249,true,none,1.256441718,0.127105273,0.05,geometrically_feasible
stim_2aff17228cc1e358,Hang,hang_u05,마,font_noto_sans_kr,bbox_height_matched,2048,1024,727,814,173616,0.393120393,285.799,320.000,true,none,1.257985258,0.131011959,,geometrically_feasible
stim_a7a5212ede6fae57,Hang,hang_u05,마,font_noto_sans_kr,ink_area_matched,2048,1024,727,814,173616,0.777150416,564.988,632.600,true,none,1.257985258,0.131011959,0.05,geometrically_feasible
stim_dcdd0d2dc4a3d9a3,Hang,hang_u06,바,font_noto_sans_kr,bbox_height_matched,2048,1024,727,814,179144,0.393120393,285.799,320.000,true,none,1.257985258,0.135183430,,geometrically_feasible
stim_1bb692477d39c622,Hang,hang_u06,바,font_noto_sans_kr,ink_area_matched,2048,1024,727,814,179144,0.765065861,556.203,622.764,true,none,1.257985258,0.135183430,0.05,geometrically_feasible
stim_48d3e2d63f591480,Hang,hang_u07,사,font_noto_sans_kr,bbox_height_matched,2048,1024,770,814,138555,0.393120393,302.703,320.000,true,none,1.257985258,0.104554661,,geometrically_feasible
stim_e15fa692477ec02a,Hang,hang_u07,사,font_noto_sans_kr,ink_area_matched,2048,1024,770,814,138555,0.869939109,669.853,708.130,true,none,1.257985258,0.104554661,0.05,geometrically_feasible
stim_20d24d3d632a06f1,Hang,hang_u08,아,font_noto_sans_kr,bbox_height_matched,2048,1024,747,814,163050,0.393120393,293.661,320.000,true,none,1.257985258,0.123038775,,geometrically_feasible
stim_6b3d9f7031997c5d,Hang,hang_u08,아,font_noto_sans_kr,ink_area_matched,2048,1024,747,814,163050,0.801935714,599.046,652.776,true,none,1.257985258,0.123038775,0.05,geometrically_feasible
stim_230b295ca8e86b48,Hang,hang_seq01,가나다라,font_noto_sans_kr,bbox_height_matched,2048,1024,2518,634,357190,0.504731861,1270.915,320.000,true,none,0.813343924,0.112672475,,geometrically_feasible
stim_dfd2d488d9b506cd,Hang,hang_seq01,가나다라,font_noto_sans_kr,ink_area_matched,2048,1024,2518,634,357190,0.541814110,1364.288,343.510,true,none,0.813343924,0.112672475,0.05,geometrically_feasible
stim_a3919afafcd0f098,Hang,hang_seq02,마바사아,font_noto_sans_kr,bbox_height_matched,2048,1024,2497,634,398395,0.504731861,1260.315,320.000,true,none,0.820184221,0.127792919,,geometrically_feasible
stim_4e411d913d9b253a,Hang,hang_seq02,마바사아,font_noto_sans_kr,ink_area_matched,2048,1024,2497,634,398395,0.513030302,1281.037,325.261,true,none,0.820184221,0.127792919,0.05,geometrically_feasible
