stimulus_id,writing_system,script_code_iso15924,content_set_id,content,unit_count,language_bcp47,font_id,font_path,style_family,render_profile,research_lines,semantic_status
stim_b00f9a8901e2d27f,latin,Latn,latn_u01,A,1,,font_noto_sans_latn,data/assets/fonts/NotoSans-Regular.ttf,sans,bbox_height_matched,WP3_cross_script_visual_form,character_set
stim_59827545d81dc7fc,latin,Latn,latn_u01,A,1,,font_noto_sans_latn,data/assets/fonts/NotoSans-Regular.ttf,sans,ink_area_matched,WP3_cross_script_visual_form,character_set
stim_8e1309a7db1d05d2,latin,Latn,latn_u02,E,1,,font_noto_sans_latn,data/assets/fonts/NotoSans-Regular.ttf,sans,bbox_height_matched,WP3_cross_script_visual_form,character_set
stim_133906c155e4a0e4,latin,Latn,latn_u02,E,1,,font_noto_sans_latn,data/assets/fonts/NotoSans-Regular.ttf,sans,ink_area_matched,WP3_cross_script_visual_form,character_set
stim_dc10a606617a95b0,latin,Latn,latn_u03,H,1,,font_noto_sans_latn,data/assets/fonts/NotoSans-Regular.ttf,sans,bbox_height_matched,WP3_cross_script_visual_form,character_set
stim_3d5a196875f2bae5,latin,Latn,latn_u03,H,1,,font_noto_sans_latn,data/assets/fonts/NotoSans-Regular.ttf,sans,ink_area_matched,WP3_cross_script_visual_form,character_set
stim_a1c5b570b2637c63,latin,Latn,latn_u04,M,1,,font_noto_sans_latn,data/assets/fonts/NotoSans-Regular.ttf,sans,bbox_height_matched,WP3_cross_script_visual_form,character_set
stim_503c9c44d1146e07,latin,Latn,latn_u04,M,1,,font_noto_sans_latn,data/assets/fonts/NotoSans-Regular.ttf,sans,ink_area_matched,WP3_cross_script_visual_form,character_set
stim_5f1eabd656921ddb,latin,Latn,latn_u05,O,1,,font_noto_sans_latn,data/assets/fonts/NotoSans-Regular.ttf,sans,bbox_height_matched,WP3_cross_script_visual_form,character_set
stim_a14341de5f21c1b2,latin,Latn,latn_u05,O,1,,font_noto_sans_latn,data/assets/fonts/NotoSans-Regular.ttf,sans,ink_area_matched,WP3_cross_script_visual_form,character_set
stim_fa3286a81fea424e,latin,Latn,latn_u06,R,1,,font_noto_sans_latn,data/assets/fonts/NotoSans-Regular.ttf,sans,bbox_height_matched,WP3_cross_script_visual_form,character_set
stim_807ab3b2fcc13ed9,latin,Latn,latn_u06,R,1,,font_noto_sans_latn,data/assets/fonts/NotoSans-Regular.ttf,sans,ink_area_matched,WP3_cross_script_visual_form,character_set
stim_3dcd996bbad78448,latin,Latn,latn_u07,S,1,,font_noto_sans_latn,data/assets/fonts/NotoSans-Regular.ttf,sans,bbox_height_matched,WP3_cross_script_visual_form,character_set
stim_56fb52083e86d5e9,latin,Latn,latn_u07,S,1,,font_noto_sans_latn,data/assets/fonts/NotoSans-Regular.ttf,sans,ink_area_matched,WP3_cross_script_visual_form,character_set
stim_556c695be437f70d,latin,Latn,latn_u08,T,1,,font_noto_sans_latn,data/assets/fonts/NotoSans-Regular.ttf,sans,bbox_height_matched,WP3_cross_script_visual_form,character_set
stim_134d36893ad8956b,latin,Latn,latn_u08,T,1,,font_noto_sans_latn,data/assets/fonts/NotoSans-Regular.ttf,sans,ink_area_matched,WP3_cross_script_visual_form,character_set
stim_682b55befa6b5da0,latin,Latn,latn_seq01,AEHM,4,,font_noto_sans_latn,data/assets/fonts/NotoSans-Regular.ttf,sans,bbox_height_matched,WP3_cross_script_visual_form,pseudoword
stim_a796baa4c9fbbecc,latin,Latn,latn_seq01,AEHM,4,,font_noto_sans_latn,data/assets/fonts/NotoSans-Regular.ttf,sans,ink_area_matched,WP3_cross_script_visual_form,pseudoword
stim_90265a640e85c648,latin,Latn,latn_seq02,ORST,4,,font_noto_sans_latn,data/assets/fonts/NotoSans-Regular.ttf,sans,bbox_height_matched,WP3_cross_script_visual_form,pseudoword
stim_f74d4b587f4a69d0,latin,Latn,latn_seq02,ORST,4,,font_noto_sans_latn,data/assets/fonts/NotoSans-Regular.ttf,sans,ink_area_matched,WP3_cross_script_visual_form,pseudoword
stim_046feb329e243591,han,Hani,hani_u01,永,1,zh-CN,font_noto_sans_sc,data/assets/fonts/NotoSansCJKsc-Regular.otf,sans,bbox_height_matched,WP3_cross_script_visual_form|WP4_han_style_evolution,character_set
stim_efc51b10d2ae586d,han,Hani,hani_u01,永,1,zh-CN,font_noto_sans_sc,data/assets/fonts/NotoSansCJKsc-Regular.otf,sans,ink_area_matched,WP3_cross_script_visual_form|WP4_han_style_evolution,character_set
stim_9241515ee6faf823,han,Hani,hani_u02,山,1,zh-CN,font_noto_sans_sc,data/assets/fonts/NotoSansCJKsc-Regular.otf,sans,bbox_height_matched,WP3_cross_script_visual_form|WP4_han_style_evolution,character_set
stim_c6922fb2c0493225,han,Hani,hani_u02,山,1,zh-CN,font_noto_sans_sc,data/assets/fonts/NotoSansCJKsc-Regular.otf,sans,ink_area_matched,WP3_cross_script_visual_form|WP4_han_style_evolution,character_set
stim_2d5e2ae923bd8eb4,han,Hani,hani_u03,水,1,zh-CN,font_noto_sans_sc,data/assets/fonts/NotoSansCJKsc-Regular.otf,sans,bbox_height_matched,WP3_cross_script_visual_form|WP4_han_style_evolution,character_set
stim_c999f58a5c810688,han,Hani,hani_u03,水,1,zh-CN,font_noto_sans_sc,data/assets/fonts/NotoSansCJKsc-Regular.otf,sans,ink_area_matched,WP3_cross_script_visual_form|WP4_han_style_evolution,character_set
stim_169bb6d244b92865,han,Hani,hani_u04,中,1,zh-CN,font_noto_sans_sc,data/assets/fonts/NotoSansCJKsc-Regular.otf,sans,bbox_height_matched,WP3_cross_script_visual_form|WP4_han_style_evolution,character_set
stim_c7451134df4dc81a,han,Hani,hani_u04,中,1,zh-CN,font_noto_sans_sc,data/assets/fonts/NotoSansCJKsc-Regular.otf,sans,ink_area_matched,WP3_cross_script_visual_form|WP4_han_style_evolution,character_set
stim_8dd2285399c8dbb6,han,Hani,hani_u05,文,1,zh-CN,font_noto_sans_sc,data/assets/fonts/NotoSansCJKsc-Regular.otf,sans,bbox_height_matched,WP3_cross_script_visual_form|WP4_han_style_evolution,character_set
stim_7c34ec9717cd94fc,han,Hani,hani_u05,文,1,zh-CN,font_noto_sans_sc,data/assets/fonts/NotoSansCJKsc-Regular.otf,sans,ink_area_matched,WP3_cross_script_visual_form|WP4_han_style_evolution,character_set
stim_859013a27938e352,han,Hani,hani_u06,門,1,zh-CN,font_noto_sans_sc,data/assets/fonts/NotoSansCJKsc-Regular.otf,sans,bbox_height_matched,WP3_cross_script_visual_form|WP4_han_style_evolution,character_set
stim_176df5b46077cb5d,han,Hani,hani_u06,門,1,zh-CN,font_noto_sans_sc,data/assets/fonts/NotoSansCJKsc-Regular.otf,sans,ink_area_matched,WP3_cross_script_visual_form|WP4_han_style_evolution,character_set
stim_91565747d07456bd,han,Hani,hani_u07,木,1,zh-CN,font_noto_sans_sc,data/assets/fonts/NotoSansCJKsc-Regular.otf,sans,bbox_height_matched,WP3_cross_script_visual_form|WP4_han_style_evolution,character_set
stim_e73c85004572b730,han,Hani,hani_u07,木,1,zh-CN,font_noto_sans_sc,data/assets/fonts/NotoSansCJKsc-Regular.otf,sans,ink_area_matched,WP3_cross_script_visual_form|WP4_han_style_evolution,character_set
stim_47db8831dda891f1,han,Hani,hani_u08,人,1,zh-CN,font_noto_sans_sc,data/assets/fonts/NotoSansCJKsc-Regular.otf,sans,bbox_height_matched,WP3_cross_script_visual_form|WP4_han_style_evolution,character_set
stim_9b3a392dd4102f7d,han,Hani,hani_u08,人,1,zh-CN,font_noto_sans_sc,data/assets/fonts/NotoSansCJKsc-Regular.otf,sans,ink_area_matched,WP3_cross_script_visual_form|WP4_han_style_evolution,character_set
stim_3fdfe138081efcb8,han,Hani,hani_seq01,永山水中,4,zh-CN,font_noto_sans_sc,data/assets/fonts/NotoSansCJKsc-Regular.otf,sans,bbox_height_matched,WP3_cross_script_visual_form|WP4_han_style_evolution,pseudoword
stim_e8f53e892073dc8f,han,Hani,hani_seq01,永山水中,4,zh-CN,font_noto_sans_sc,data/assets/fonts/NotoSansCJKsc-Regular.otf,sans,ink_area_matched,WP3_cross_script_visual_form|WP4_han_style_evolution,pseudoword
stim_363121c97354de28,han,Hani,hani_seq02,文門木人,4,zh-CN,font_noto_sans_sc,data/assets/fonts/NotoSansCJKsc-Regular.otf,sans,bbox_height_matched,WP3_cross_script_visual_form|WP4_han_style_evolution,pseudoword
stim_af0a2cd0a1e3da7a,han,Hani,hani_seq02,文門木人,4,zh-CN,font_noto_sans_sc,data/assets/fonts/NotoSansCJKsc-Regular.otf,sans,ink_area_matched,WP3_cross_script_visual_form|WP4_han_style_evolution,pseudoword
stim_43e4de4c0226c52b,han,Hani,hani_u01,永,1,zh-CN,font_noto_serif_sc,data/assets/fonts/NotoSerifSC-Regular.ttf,serif,bbox_height_matched,WP4_han_style_evolution,character_set
stim_d43e821b55f820a0,han,Hani,hani_u01,永,1,zh-CN,font_noto_serif_sc,data/assets/fonts/NotoSerifSC-Regular.ttf,serif,ink_area_matched,WP4_han_style_evolution,character_set
stim_94fdb555e2c76d0d,han,Hani,hani_u02,山,1,zh-CN,font_noto_serif_sc,data/assets/fonts/NotoSerifSC-Regular.ttf,serif,bbox_height_matched,WP4_han_style_evolution,character_set
stim_a11f47f1741ab628,han,Hani,hani_u02,山,1,zh-CN,font_noto_serif_sc,data/assets/fonts/NotoSerifSC-Regular.ttf,serif,ink_area_matched,WP4_han_style_evolution,character_set
stim_ff40cda5ca3d4800,han,Hani,hani_u03,水,1,zh-CN,font_noto_serif_sc,data/assets/fonts/NotoSerifSC-Regular.ttf,serif,bbox_height_matched,WP4_han_style_evolution,character_set
stim_6ba4f752ac8d858f,han,Hani,hani_u03,水,1,zh-CN,font_noto_serif_sc,data/assets/fonts/NotoSerifSC-Regular.ttf,serif,ink_area_matched,WP4_han_style_evolution,character_set
stim_03e829dbf5892fb6,han,Hani,hani_u04,中,1,zh-CN,font_noto_serif_sc,data/assets/fonts/NotoSerifSC-Regular.ttf,serif,bbox_height_matched,WP4_han_style_evolution,character_set
stim_303bbacbf19f5b6a,han,Hani,hani_u04,中,1,zh-CN,font_noto_serif_sc,data/assets/fonts/NotoSerifSC-Regular.ttf,serif,ink_area_matched,WP4_han_style_evolution,character_set
stim_9ed2480cfb744c11,han,Hani,hani_u05,文,1,zh-CN,font_noto_serif_sc,data/assets/fonts/NotoSerifSC-Regular.ttf,serif,bbox_height_matched,WP4_han_style_evolution,character_set
stim_1f8665bff4786a84,han,Hani,hani_u05,文,1,zh-CN,font_noto_serif_sc,data/assets/fonts/NotoSerifSC-Regular.ttf,serif,ink_area_matched,WP4_han_style_evolution,character_set
stim_f298ba61c58d0310,han,Hani,hani_u06,門,1,zh-CN,font_noto_serif_sc,data/assets/fonts/NotoSerifSC-Regular.ttf,serif,bbox_height_matched,WP4_han_style_evolution,character_set
stim_08959334f8e8701f,han,Hani,hani_u06,門,1,zh-CN,font_noto_serif_sc,data/assets/fonts/NotoSerifSC-Regular.ttf,serif,ink_area_matched,WP4_han_style_evolution,character_set
stim_7923bca0372696ef,han,Hani,hani_u07,木,1,zh-CN,font_noto_serif_sc,data/assets/fonts/NotoSerifSC-Regular.ttf,serif,bbox_height_matched,WP4_han_style_evolution,character_set
stim_0d25f57b7f63d875,han,Hani,hani_u07,木,1,zh-CN,font_noto_serif_sc,data/assets/fonts/NotoSerifSC-Regular.ttf,serif,ink_area_matched,WP4_han_style_evolution,character_set
stim_0036d3c9f8fc9519,han,Hani,hani_u08,人,1,zh-CN,font_noto_serif_sc,data/assets/fonts/NotoSerifSC-Regular.ttf,serif,bbox_height_matched,WP4_han_style_evolution,character_set
stim_45af50bb6caa76cd,han,Hani,hani_u08,人,1,zh-CN,font_noto_serif_sc,data/assets/fonts/NotoSerifSC-Regular.ttf,serif,ink_area_matched,WP4_han_style_evolution,character_set
stim_7367e23142005090,han,Hani,hani_seq01,永山水中,4,zh-CN,font_noto_serif_sc,data/assets/fonts/NotoSerifSC-Regular.ttf,serif,bbox_height_matched,WP4_han_style_evolution,pseudoword
stim_0c7862cd7dcddcf2,han,Hani,hani_seq01,永山水中,4,zh-CN,font_noto_serif_sc,data/assets/fonts/NotoSerifSC-Regular.ttf,serif,ink_area_matched,WP4_han_style_evolution,pseudoword
stim_92547c7910882579,han,Hani,hani_seq02,文門木人,4,zh-CN,font_noto_serif_sc,data/assets/fonts/NotoSerifSC-Regular.ttf,serif,bbox_height_matched,WP4_han_style_evolution,pseudoword
stim_1f13a3b259bcc6e3,han,Hani,hani_seq02,文門木人,4,zh-CN,font_noto_serif_sc,data/assets/fonts/NotoSerifSC-Regular.ttf,serif,ink_area_matched,WP4_han_style_evolution,pseudoword
stim_7b6b8cc8ec5488f4,han,Hani,hani_u01,永,1,zh-CN,font_bpmf_iansui,data/assets/fonts/BpmfIansui-Regular.ttf,handwritten,bbox_height_matched,WP4_han_style_evolution,character_set
stim_2c15393655973c79,han,Hani,hani_u01,永,1,zh-CN,font_bpmf_iansui,data/assets/fonts/BpmfIansui-Regular.ttf,handwritten,ink_area_matched,WP4_han_style_evolution,character_set
stim_c36628fc59fc54ee,han,Hani,hani_u02,山,1,zh-CN,font_bpmf_iansui,data/assets/fonts/BpmfIansui-Regular.ttf,handwritten,bbox_height_matched,WP4_han_style_evolution,character_set
stim_78903264bdcaf25f,han,Hani,hani_u02,山,1,zh-CN,font_bpmf_iansui,data/assets/fonts/BpmfIansui-Regular.ttf,handwritten,ink_area_matched,WP4_han_style_evolution,character_set
stim_5d9e80dfbfdaaf32,han,Hani,hani_u03,水,1,zh-CN,font_bpmf_iansui,data/assets/fonts/BpmfIansui-Regular.ttf,handwritten,bbox_height_matched,WP4_han_style_evolution,character_set
stim_f7ac9fba62afc7d3,han,Hani,hani_u03,水,1,zh-CN,font_bpmf_iansui,data/assets/fonts/BpmfIansui-Regular.ttf,handwritten,ink_area_matched,WP4_han_style_evolution,character_set
stim_568d34cdb68528da,han,Hani,hani_u04,中,1,zh-CN,font_bpmf_iansui,data/assets/fonts/BpmfIansui-Regular.ttf,handwritten,bbox_height_matched,WP4_han_style_evolution,character_set
stim_1ddb24bc31de4d20,han,Hani,hani_u04,中,1,zh-CN,font_bpmf_iansui,data/assets/fonts/BpmfIansui-Regular.ttf,handwritten,ink_area_matched,WP4_han_style_evolution,character_set
stim_583562c89a8f3eda,han,Hani,hani_u05,文,1,zh-CN,font_bpmf_iansui,data/assets/fonts/BpmfIansui-Regular.ttf,handwritten,bbox_height_matched,WP4_han_style_evolution,character_set
stim_7674b6990714f94a,han,Hani,hani_u05,文,1,zh-CN,font_bpmf_iansui,data/assets/fonts/BpmfIansui-Regular.ttf,handwritten,ink_area_matched,WP4_han_style_evolution,character_set
stim_6e59237aa7bb5b82,han,Hani,hani_u06,門,1,zh-CN,font_bpmf_iansui,data/assets/fonts/BpmfIansui-Regular.ttf,handwritten,bbox_height_matched,WP4_han_style_evolution,character_set
stim_a60c9e58b22945f0,han,Hani,hani_u06,門,1,zh-CN,font_bpmf_iansui,data/assets/fonts/BpmfIansui-Regular.ttf,handwritten,ink_area_matched,WP4_han_style_evolution,character_set
stim_6cf0651c55f41504,han,Hani,hani_u07,木,1,zh-CN,font_bpmf_iansui,data/assets/fonts/BpmfIansui-Regular.ttf,handwritten,bbox_height_matched,WP4_han_style_evolution,character_set
stim_a4d97de166f1eda9,han,Hani,hani_u07,木,1,zh-CN,font_bpmf_iansui,data/assets/fonts/BpmfIansui-Regular.ttf,handwritten,ink_area_matched,WP4_han_style_evolution,character_set
stim_577f9a8eeb3f90a1,han,Hani,hani_u08,人,1,zh-CN,font_bpmf_iansui,data/assets/fonts/BpmfIansui-Regular.ttf,handwritten,bbox_height_matched,WP4_han_style_evolution,character_set
stim_def37c6ed971c3f8,han,Hani,hani_u08,人,1,zh-CN,font_bpmf_iansui,data/assets/fonts/BpmfIansui-Regular.ttf,handwritten,ink_area_matched,WP4_han_style_evolution,character_set
stim_590cf8a892a117a6,han,Hani,hani_seq01,永山水中,4,zh-CN,font_bpmf_iansui,data/assets/fonts/BpmfIansui-Regular.ttf,handwritten,bbox_height_matched,WP4_han_style_evolution,pseudoword
stim_bb35abe338a0a0d9,han,Hani,hani_seq01,永山水中,4,zh-CN,font_bpmf_iansui,data/assets/fonts/BpmfIansui-Regular.ttf,handwritten,ink_area_matched,WP4_han_style_evolution,pseudoword
stim_d773c326abac9595,han,Hani,hani_seq02,文門木人,4,zh-CN,font_bpmf_iansui,data/assets/fonts/BpmfIansui-Regular.ttf,handwritten,bbox_height_matched,WP4_han_style_evolution,pseudoword
stim_1d5fd42e46f9d61f,han,Hani,hani_seq02,文門木人,4,zh-CN,font_bpmf_iansui,data/assets/fonts/BpmfIansui-Regular.ttf,handwritten,ink_area_matched,WP4_han_style_evolution,pseudoword
stim_32f7caf9902568e8,han,Hani,hani_u01,永,1,zh-CN,font_lxgw_marker_gothic,data/assets/fonts/LXGWMarkerGothic-Regular.ttf,display,bbox_height_matched,WP4_han_style_evolution,character_set
stim_f00a745b15ce8e52,han,Hani,hani_u01,永,1,zh-CN,font_lxgw_marker_gothic,data/assets/fonts/LXGWMarkerGothic-Regular.ttf,display,ink_area_matched,WP4_han_style_evolution,character_set
stim_b06dd53d8d6fce5d,han,Hani,hani_u02,山,1,zh-CN,font_lxgw_marker_gothic,data/assets/fonts/LXGWMarkerGothic-Regular.ttf,display,bbox_height_matched,WP4_han_style_evolution,character_set
stim_23330edc55d86694,han,Hani,hani_u02,山,1,zh-CN,font_lxgw_marker_gothic,data/assets/fonts/LXGWMarkerGothic-Regular.ttf,display,ink_area_matched,WP4_han_style_evolution,character_set
stim_d7b23bd021cb7e35,han,Hani,hani_u03,水,1,zh-CN,font_lxgw_marker_gothic,data/assets/fonts/LXGWMarkerGothic-Regular.ttf,display,bbox_height_matched,WP4_han_style_evolution,character_set
stim_5937fa012efa5ba9,han,Hani,hani_u03,水,1,zh-CN,font_lxgw_marker_gothic,data/assets/fonts/LXGWMarkerGothic-Regular.ttf,display,ink_area_matched,WP4_han_style_evolution,character_set
stim_32336080424dfc3e,han,Hani,hani_u04,中,1,zh-CN,font_lxgw_marker_gothic,data/assets/fonts/LXGWMarkerGothic-Regular.ttf,display,bbox_height_matched,WP4_han_style_evolution,character_set
stim_a2bea72980ac8d3d,han,Hani,hani_u04,中,1,zh-CN,font_lxgw_marker_gothic,data/assets/fonts/LXGWMarkerGothic-Regular.ttf,display,ink_area_matched,WP4_han_style_evolution,character_set
stim_ec373e243ae9a4d8,han,Hani,hani_u05,文,1,zh-CN,font_lxgw_marker_gothic,data/assets/fonts/LXGWMarkerGothic-Regular.ttf,display,bbox_height_matched,WP4_han_style_evolution,character_set
stim_601185036f9b5115,han,Hani,hani_u05,文,1,zh-CN,font_lxgw_marker_gothic,data/assets/fonts/LXGWMarkerGothic-Regular.ttf,display,ink_area_matched,WP4_han_style_evolution,character_set
stim_10c68d4199b435c4,han,Hani,hani_u06,門,1,zh-CN,font_lxgw_marker_gothic,data/assets/fonts/LXGWMarkerGothic-Regular.ttf,display,bbox_height_matched,WP4_han_style_evolution,character_set
stim_24a5cda64fe9d052,han,Hani,hani_u06,門,1,zh-CN,font_lxgw_marker_gothic,data/assets/fonts/LXGWMarkerGothic-Regular.ttf,display,ink_area_matched,WP4_han_style_evolution,character_set
stim_625f6ea9a4fadc0f,han,Hani,hani_u07,木,1,zh-CN,font_lxgw_marker_gothic,data/assets/fonts/LXGWMarkerGothic-Regular.ttf,display,bbox_height_matched,WP4_han_style_evolution,character_set
stim_e3188958e4f0ba47,han,Hani,hani_u07,木,1,zh-CN,font_lxgw_marker_gothic,data/assets/fonts/LXGWMarkerGothic-Regular.ttf,display,ink_area_matched,WP4_han_style_evolution,character_set
stim_dc528afb82c670e6,han,Hani,hani_u08,人,1,zh-CN,font_lxgw_marker_gothic,data/assets/fonts/LXGWMarkerGothic-Regular.ttf,display,bbox_height_matched,WP4_han_style_evolution,character_set
stim_8bf2db3d713e3d66,han,Hani,hani_u08,人,1,zh-CN,font_lxgw_marker_gothic,data/assets/fonts/LXGWMarkerGothic-Regular.ttf,display,ink_area_matched,WP4_han_style_evolution,character_set
stim_944cb71660e79b90,han,Hani,hani_seq01,永山水中,4,zh-CN,font_lxgw_marker_gothic,data/assets/fonts/LXGWMarkerGothic-Regular.ttf,display,bbox_height_matched,WP4_han_style_evolution,pseudoword
stim_86377879ac58d917,han,Hani,hani_seq01,永山水中,4,zh-CN,font_lxgw_marker_gothic,data/assets/fonts/LXGWMarkerGothic-Regular.ttf,display,ink_area_matched,WP4_han_style_evolution,pseudoword
stim_92918da3619bcd63,han,Hani,hani_seq02,文門木人,4,zh-CN,font_lxgw_marker_gothic,data/assets/fonts/LXGWMarkerGothic-Regular.ttf,display,bbox_height_matched,WP4_han_style_evolution,pseudoword
stim_131a6c080ed9f418,han,Hani,hani_seq02,文門木人,4,zh-CN,font_lxgw_marker_gothic,data/assets/fonts/LXGWMarkerGothic-Regular.ttf,display,ink_area_matched,WP4_han_style_evolution,pseudoword
stim_dda7c07fe06f9caf,kana,Kana,kana_u01,あ,1,ja,font_noto_sans_jp,data/assets/fonts/NotoSansCJKjp-Regular.otf,sans,bbox_height_matched,WP3_cross_script_visual_form,character_set
stim_e4cd77bdeb8a5a87,kana,Kana,kana_u01,あ,1,ja,font_noto_sans_jp,data/assets/fonts/NotoSansCJKjp-Regular.otf,sans,ink_area_matched,WP3_cross_script_visual_form,character_set
stim_66930457e18714b2,kana,Kana,kana_u02,い,1,ja,font_noto_sans_jp,data/assets/fonts/NotoSansCJKjp-Regular.otf,sans,bbox_height_matched,WP3_cross_script_visual_form,character_set
stim_6272fac90462d4cc,kana,Kana,kana_u02,い,1,ja,font_noto_sans_jp,data/assets/fonts/NotoSansCJKjp-Regular.otf,sans,ink_area_matched,WP3_cross_script_visual_form,character_set
stim_74d2b1b256dc96bb,kana,Kana,kana_u03,す,1,ja,font_noto_sans_jp,data/assets/fonts/NotoSansCJKjp-Regular.otf,sans,bbox_height_matched,WP3_cross_script_visual_form,character_set
stim_00a871222c2e3745,kana,Kana,kana_u03,す,1,ja,font_noto_sans_jp,data/assets/fonts/NotoSansCJKjp-Regular.otf,sans,ink_area_matched,WP3_cross_script_visual_form,character_set
stim_ba044c32488661a5,kana,Kana,kana_u04,ね,1,ja,font_noto_sans_jp,data/assets/fonts/NotoSansCJKjp-Regular.otf,sans,bbox_height_matched,WP3_cross_script_visual_form,character_set
stim_241bff3a606da10f,kana,Kana,kana_u04,ね,1,ja,font_noto_sans_jp,data/assets/fonts/NotoSansCJKjp-Regular.otf,sans,ink_area_matched,WP3_cross_script_visual_form,character_set
stim_6520f0d09920f8bc,kana,Kana,kana_u05,の,1,ja,font_noto_sans_jp,data/assets/fonts/NotoSansCJKjp-Regular.otf,sans,bbox_height_matched,WP3_cross_script_visual_form,character_set
stim_c78bb95b11d48280,kana,Kana,kana_u05,の,1,ja,font_noto_sans_jp,data/assets/fonts/NotoSansCJKjp-Regular.otf,sans,ink_area_matched,WP3_cross_script_visual_form,character_set
stim_2bae14211d33b18e,kana,Kana,kana_u06,ま,1,ja,font_noto_sans_jp,data/assets/fonts/NotoSansCJKjp-Regular.otf,sans,bbox_height_matched,WP3_cross_script_visual_form,character_set
stim_9aeefe3b2c3e01fa,kana,Kana,kana_u06,ま,1,ja,font_noto_sans_jp,data/assets/fonts/NotoSansCJKjp-Regular.otf,sans,ink_area_matched,WP3_cross_script_visual_form,character_set
stim_2b4efe4a3a92d7df,kana,Kana,kana_u07,る,1,ja,font_noto_sans_jp,data/assets/fonts/NotoSansCJKjp-Regular.otf,sans,bbox_height_matched,WP3_cross_script_visual_form,character_set
stim_3043debd11827c54,kana,Kana,kana_u07,る,1,ja,font_noto_sans_jp,data/assets/fonts/NotoSansCJKjp-Regular.otf,sans,ink_area_matched,WP3_cross_script_visual_form,character_set
stim_8e844355f507e9be,kana,Kana,kana_u08,よ,1,ja,font_noto_sans_jp,data/assets/fonts/NotoSansCJKjp-Regular.otf,sans,bbox_height_matched,WP3_cross_script_visual_form,character_set
stim_941393ecbe4f6525,kana,Kana,kana_u08,よ,1,ja,font_noto_sans_jp,data/assets/fonts/NotoSansCJKjp-Regular.otf,sans,ink_area_matched,WP3_cross_script_visual_form,character_set
stim_c75760d00c25a558,kana,Kana,kana_seq01,あいすね,4,ja,font_noto_sans_jp,data/assets/fonts/NotoSansCJKjp-Regular.otf,sans,bbox_height_matched,WP3_cross_script_visual_form,pseudoword
stim_296de8e77d52da93,kana,Kana,kana_seq01,あいすね,4,ja,font_noto_sans_jp,data/assets/fonts/NotoSansCJKjp-Regular.otf,sans,ink_area_matched,WP3_cross_script_visual_form,pseudoword
stim_89c35892b6465c9a,kana,Kana,kana_seq02,のまるよ,4,ja,font_noto_sans_jp,data/assets/fonts/NotoSansCJKjp-Regular.otf,sans,bbox_height_matched,WP3_cross_script_visual_form,pseudoword
stim_ea2b4d6214daeb54,kana,Kana,kana_seq02,のまるよ,4,ja,font_noto_sans_jp,data/assets/fonts/NotoSansCJKjp-Regular.otf,sans,ink_area_matched,WP3_cross_script_visual_form,pseudoword
stim_6571b49342e42e79,hangul,Hang,hang_u01,가,1,ko,font_noto_sans_kr,data/assets/fonts/NotoSansKR-static.ttf,sans,bbox_height_matched,WP3_cross_script_visual_form,character_set
stim_f778785d3c49aa17,hangul,Hang,hang_u01,가,1,ko,font_noto_sans_kr,data/assets/fonts/NotoSansKR-static.ttf,sans,ink_area_matched,WP3_cross_script_visual_form,character_set
stim_53858ab2e7c4a361,hangul,Hang,hang_u02,나,1,ko,font_noto_sans_kr,data/assets/fonts/NotoSansKR-static.ttf,sans,bbox_height_matched,WP3_cross_script_visual_form,character_set
stim_e9bfcbc5dedd6f36,hangul,Hang,hang_u02,나,1,ko,font_noto_sans_kr,data/assets/fonts/NotoSansKR-static.ttf,sans,ink_area_matched,WP3_cross_script_visual_form,character_set
stim_d7f94d5c63739b65,hangul,Hang,hang_u03,다,1,ko,font_noto_sans_kr,data/assets/fonts/NotoSansKR-static.ttf,sans,bbox_height_matched,WP3_cross_script_visual_form,character_set
stim_c720547f3494c022,hangul,Hang,hang_u03,다,1,ko,font_noto_sans_kr,data/assets/fonts/NotoSansKR-static.ttf,sans,ink_area_matched,WP3_cross_script_visual_form,character_set
stim_76e2a6b9ec3dad6c,hangul,Hang,hang_u04,라,1,ko,font_noto_sans_kr,data/assets/fonts/NotoSansKR-static.ttf,sans,bbox_height_matched,WP3_cross_script_visual_form,character_set
stim_e068d89bc4d9efb9,hangul,Hang,hang_u04,라,1,ko,font_noto_sans_kr,data/assets/fonts/NotoSansKR-static.ttf,sans,ink_area_matched,WP3_cross_script_visual_form,character_set
stim_2aff17228cc1e358,hangul,Hang,hang_u05,마,1,ko,font_noto_sans_kr,data/assets/fonts/NotoSansKR-static.ttf,sans,bbox_height_matched,WP3_cross_script_visual_form,character_set
stim_a7a5212ede6fae57,hangul,Hang,hang_u05,마,1,ko,font_noto_sans_kr,data/assets/fonts/NotoSansKR-static.ttf,sans,ink_area_matched,WP3_cross_script_visual_form,character_set
stim_dcdd0d2dc4a3d9a3,hangul,Hang,hang_u06,바,1,ko,font_noto_sans_kr,data/assets/fonts/NotoSansKR-static.ttf,sans,bbox_height_matched,WP3_cross_script_visual_form,character_set
stim_1bb692477d39c622,hangul,Hang,hang_u06,바,1,ko,font_noto_sans_kr,data/assets/fonts/NotoSansKR-static.ttf,sans,ink_area_matched,WP3_cross_script_visual_form,character_set
stim_48d3e2d63f591480,hangul,Hang,hang_u07,사,1,ko,font_noto_sans_kr,data/assets/fonts/NotoSansKR-static.ttf,sans,bbox_height_matched,WP3_cross_script_visual_form,character_set
stim_e15fa692477ec02a,hangul,Hang,hang_u07,사,1,ko,font_noto_sans_kr,data/assets/fonts/NotoSansKR-static.ttf,sans,ink_area_matched,WP3_cross_script_visual_form,character_set
stim_20d24d3d632a06f1,hangul,Hang,hang_u08,아,1,ko,font_noto_sans_kr,data/assets/fonts/NotoSansKR-static.ttf,sans,bbox_height_matched,WP3_cross_script_visual_form,character_set
stim_6b3d9f7031997c5d,hangul,Hang,hang_u08,아,1,ko,font_noto_sans_kr,data/assets/fonts/NotoSansKR-static.ttf,sans,ink_area_matched,WP3_cross_script_visual_form,character_set
stim_230b295ca8e86b48,hangul,Hang,hang_seq01,가나다라,4,ko,font_noto_sans_kr,data/assets/fonts/NotoSansKR-static.ttf,sans,bbox_height_matched,WP3_cross_script_visual_form,pseudoword
stim_dfd2d488d9b506cd,hangul,Hang,hang_seq01,가나다라,4,ko,font_noto_sans_kr,data/assets/fonts/NotoSansKR-static.ttf,sans,ink_area_matched,WP3_cross_script_visual_form,pseudoword
stim_a3919afafcd0f098,hangul,Hang,hang_seq02,마바사아,4,ko,font_noto_sans_kr,data/assets/fonts/NotoSansKR-static.ttf,sans,bbox_height_matched,WP3_cross_script_visual_form,pseudoword
stim_4e411d913d9b253a,hangul,Hang,hang_seq02,마바사아,4,ko,font_noto_sans_kr,data/assets/fonts/NotoSansKR-static.ttf,sans,ink_area_matched,WP3_cross_script_visual_form,pseudoword
